series,workload,backend,mode,count,before_setup_ns,after_setup_ns,setup_speedup,before_encode_ns,before_encode_run_min_ns,before_encode_run_max_ns,after_encode_ns,after_encode_run_min_ns,after_encode_run_max_ns,encode_speedup,before_finish_ns,after_finish_ns,finish_speedup,before_submit_ns,after_submit_ns,submit_speedup,before_retire_ns,after_retire_ns,retire_speedup,before_cpu_ns,before_cpu_run_min_ns,before_cpu_run_max_ns,after_cpu_ns,after_cpu_run_min_ns,after_cpu_run_max_ns,cpu_speedup,before_wall_ns,after_wall_ns,wall_speedup,before_gpu_ns,before_gpu_run_min_ns,before_gpu_run_max_ns,after_gpu_ns,after_gpu_run_min_ns,after_gpu_run_max_ns,gpu_speedup
binding-focused-main,compute,cpu,root-mutable-blocks,1024,5.6,5.7,0.982,531.8,522.2,552.1,537.3,513.2,544.5,0.99,12.7,12.3,1.033,20.3,19.6,1.036,65.2,64.7,1.008,632.9,618.3,677.9,639.8,614.5,658.7,0.989,633.0,639.8,0.989,20.1,19.8,20.4,19.5,19.1,20.2,1.031
binding-focused-main,compute,cpu,root-one-frozen-block,1024,5.3,5.9,0.898,542.1,498.2,556.2,477.1,457.2,524.6,1.136,12.5,12.5,1.0,19.9,18.8,1.059,59.7,46.1,1.295,644.1,594.3,690.3,554.7,534.2,614.9,1.161,644.2,554.7,1.161,19.7,19.4,20.3,18.7,18.4,19.2,1.053
binding-focused-main,compute,cpu,root-two-frozen-blocks,1024,5.1,4.9,1.041,531.7,495.7,550.6,430.3,397.6,436.4,1.236,12.4,10.2,1.216,19.8,15.7,1.261,58.0,27.7,2.094,624.8,588.4,665.9,495.9,456.2,511.8,1.26,624.8,496.0,1.26,19.6,19.4,20.6,15.7,15.3,15.8,1.248
binding-focused-main,compute,cpu,swap-mutable-blocks,1024,4.9,5.7,0.86,761.0,737.5,770.4,812.0,784.4,832.9,0.937,12.7,13.3,0.955,19.9,20.1,0.99,58.9,58.1,1.014,855.5,831.7,873.7,907.5,883.2,947.2,0.943,855.5,907.5,0.943,19.7,19.5,20.1,19.9,19.6,20.8,0.99
binding-focused-main,compute,cpu,swap-frozen-blocks,1024,5.2,5.6,0.929,794.6,766.0,836.6,784.5,763.5,800.8,1.013,12.9,11.4,1.132,19.9,18.6,1.07,62.4,34.6,1.803,892.8,860.9,961.2,852.7,833.0,884.3,1.047,892.8,852.7,1.047,19.8,19.7,20.7,18.4,17.9,19.2,1.076
binding-focused-main,compute,cpu,rotate-mutable-roots,1024,5.4,5.7,0.947,425.2,414.6,458.3,459.4,450.0,472.9,0.926,13.4,13.3,1.008,20.5,20.0,1.025,63.5,64.4,0.986,524.6,516.9,580.7,560.7,554.4,600.9,0.936,524.7,560.8,0.936,20.3,19.6,20.8,19.8,19.4,21.2,1.025
binding-focused-main,compute,cpu,rotate-frozen-roots,1024,5.2,5.5,0.945,423.5,382.2,456.6,153.9,152.9,170.7,2.752,13.0,8.2,1.585,20.1,21.7,0.926,64.8,14.8,4.378,527.1,481.6,560.6,205.5,201.3,227.1,2.565,527.1,205.5,2.565,19.9,19.5,20.9,21.6,20.6,21.9,0.921
binding-focused-main,compute,cuda,root-mutable-blocks,1024,1.4,1.4,1.0,706.5,695.7,711.8,754.1,745.5,763.3,0.937,7.1,9.3,0.763,4844.3,4824.5,1.004,0.5,0.5,1.0,5548.0,5355.3,5809.3,5594.0,5498.8,5866.1,0.992,8006.2,7885.1,1.015,6879.9,6206.1,7047.9,6710.9,6160.2,6885.7,1.025
binding-focused-main,compute,cuda,root-one-frozen-block,1024,1.4,1.4,1.0,701.5,697.2,714.4,615.6,611.7,622.4,1.14,7.0,9.4,0.745,4822.5,4787.5,1.007,0.4,0.4,1.0,5552.9,5402.7,5674.6,5411.4,5161.6,5563.5,1.026,7900.3,7230.8,1.093,6772.5,6284.2,7015.6,6295.9,6192.4,6735.4,1.076
binding-focused-main,compute,cuda,root-two-frozen-blocks,1024,1.4,1.4,1.0,698.5,695.1,708.6,469.0,462.7,473.0,1.489,6.9,9.2,0.75,4931.4,4697.1,1.05,0.4,0.4,1.0,5634.3,5562.5,5824.5,5171.7,4930.7,5365.3,1.089,7528.8,7002.8,1.075,6378.9,6165.0,7546.9,6325.2,6119.1,6755.9,1.008
binding-focused-main,compute,cuda,swap-mutable-blocks,1024,1.5,1.5,1.0,930.1,927.9,954.1,1007.4,999.6,1011.8,0.923,6.8,8.7,0.782,4835.9,4780.5,1.012,0.4,0.5,0.8,5779.3,5629.1,6006.2,5795.9,5679.9,6013.9,0.997,7944.4,8367.9,0.949,6604.5,6220.7,7164.1,6952.1,6667.0,7572.3,0.95
binding-focused-main,compute,cuda,swap-frozen-blocks,1024,1.5,1.4,1.071,926.9,921.8,942.4,814.1,810.5,819.4,1.139,6.9,8.6,0.802,4923.9,4714.3,1.044,0.5,0.4,1.25,5867.0,5637.8,6031.9,5542.4,5301.0,5669.9,1.059,7737.6,7280.9,1.063,6368.2,6205.1,7106.4,6258.8,6210.9,7308.6,1.017
binding-focused-main,compute,cuda,rotate-mutable-roots,1024,1.4,1.4,1.0,545.9,541.5,560.4,595.4,593.4,598.7,0.917,7.1,7.7,0.922,4715.7,4889.4,0.964,0.4,0.4,1.0,5268.1,5257.3,5480.7,5502.1,5282.2,5662.5,0.957,8021.8,7567.4,1.06,7055.7,6216.8,7643.6,6541.0,6197.3,7137.7,1.079
binding-focused-main,compute,cuda,rotate-frozen-roots,1024,1.5,1.4,1.071,553.7,545.6,615.3,135.5,133.7,138.1,4.086,7.0,8.6,0.814,4951.3,4665.7,1.061,0.4,0.4,1.0,5518.5,5298.4,5602.1,4814.2,4568.1,4876.1,1.146,7303.2,6419.4,1.138,6321.3,6220.7,7316.4,6182.6,6125.0,7005.9,1.022
binding-focused-main,compute,d3d11,root-mutable-blocks,1024,12.7,10.1,1.257,1185.1,1027.0,1363.5,1108.7,1086.3,1373.2,1.069,21.0,17.9,1.173,1361.4,1331.7,1.022,188.5,132.7,1.42,2760.8,2477.8,3004.2,2645.7,2608.0,3039.7,1.044,16057.9,16089.5,0.998,6268.0,6234.0,6337.6,6344.0,6240.0,6405.7,0.988
binding-focused-main,compute,d3d11,root-one-frozen-block,1024,12.6,11.8,1.068,1127.4,1051.2,1529.2,1012.1,988.8,1101.6,1.114,20.6,18.9,1.09,1356.7,1379.8,0.983,142.8,141.2,1.011,2708.0,2544.0,3312.8,2608.6,2508.4,3290.8,1.038,16020.7,16129.6,0.993,6247.7,6215.9,6362.0,5456.4,5355.8,5484.0,1.145
binding-focused-main,compute,d3d11,root-two-frozen-blocks,1024,11.7,11.5,1.017,1074.5,1057.7,1269.5,914.8,866.1,1136.5,1.175,20.9,20.5,1.02,1363.2,1379.9,0.988,148.1,160.5,0.923,2705.2,2607.5,3031.6,2508.7,2437.0,2992.2,1.078,16087.5,16003.5,1.005,6266.6,6200.0,6284.0,4494.7,4447.8,4606.1,1.394
binding-focused-main,compute,d3d11,swap-mutable-blocks,1024,11.5,11.9,0.966,1472.9,1399.7,1840.3,1555.8,1426.4,1891.6,0.947,21.7,22.3,0.973,1388.5,1399.0,0.992,142.8,152.4,0.937,3117.0,2946.0,3868.5,3131.2,3015.7,3844.9,0.995,16143.5,16054.3,1.006,6371.1,6262.9,6399.5,6270.5,6243.6,6276.0,1.016
binding-focused-main,compute,d3d11,swap-frozen-blocks,1024,12.3,11.1,1.108,1474.2,1431.6,1726.4,1392.2,1333.5,1809.8,1.059,21.4,20.8,1.029,1402.1,1396.2,1.004,149.7,155.8,0.961,3055.2,2999.1,3692.4,2980.3,2921.8,3821.0,1.025,16054.6,16054.7,1.0,6307.9,6265.4,6364.0,5148.4,5122.0,5278.6,1.225
binding-focused-main,compute,d3d11,rotate-mutable-roots,1024,11.7,10.7,1.093,1013.9,943.7,1244.1,1071.5,1030.1,1156.2,0.946,23.5,21.8,1.078,1405.6,1393.0,1.009,142.1,141.0,1.008,2618.9,2480.6,3055.6,2653.9,2629.6,2724.3,0.987,16051.2,16072.5,0.999,6267.8,6213.8,6280.0,6350.5,6250.2,6369.8,0.987
binding-focused-main,compute,d3d11,rotate-frozen-roots,1024,12.2,11.7,1.043,1047.9,959.1,1392.4,180.4,171.9,185.7,5.809,23.1,12.8,1.805,1419.9,1384.0,1.026,169.9,41.0,4.144,2831.7,2531.3,3531.8,1624.3,1604.4,1673.1,1.743,15955.1,16026.1,0.996,6276.0,6230.0,6353.5,3972.0,3967.3,3982.2,1.58
binding-focused-main,graphics,d3d11,root-mutable-blocks,1024,11.7,11.3,1.035,1273.4,1263.4,1377.4,1389.7,1321.8,1434.3,0.916,24.5,23.0,1.065,2256.6,2265.1,0.996,209.8,210.0,0.999,3876.7,3603.8,4028.6,3904.3,3893.3,3969.0,0.993,16076.1,16009.8,1.004,702.0,638.0,820.5,718.9,647.8,889.8,0.976
binding-focused-main,graphics,d3d11,root-one-frozen-block,1024,13.1,11.6,1.129,1365.8,1274.3,1732.8,1494.3,1340.3,1754.3,0.914,24.4,22.7,1.075,2300.8,2633.2,0.874,300.2,292.1,1.028,4122.6,3988.2,4844.4,4499.1,4036.5,4643.5,0.916,15923.0,15946.8,0.999,904.0,764.0,1040.4,434.5,418.5,530.0,2.081
binding-focused-main,graphics,d3d11,root-two-frozen-blocks,1024,12.0,12.1,0.992,1327.8,1314.5,1605.1,1128.0,1079.0,1164.9,1.177,24.7,22.7,1.088,2299.0,2247.8,1.023,241.9,277.4,0.872,3910.9,3769.5,4323.8,3656.6,3624.3,4056.9,1.07,16011.9,15986.9,1.002,728.0,708.2,900.6,54.3,54.0,58.0,13.407
binding-focused-main,graphics,d3d11,swap-mutable-blocks,1024,12.6,10.9,1.156,1635.9,1558.8,1807.5,1716.3,1677.0,2040.1,0.953,24.6,24.1,1.021,1254.7,1239.5,1.012,224.0,218.5,1.025,3497.2,3081.5,4024.4,3301.0,3130.5,4203.7,1.059,15991.5,15980.1,1.001,681.6,508.7,734.4,530.9,512.8,964.2,1.284
binding-focused-main,graphics,d3d11,swap-frozen-blocks,1024,10.9,11.6,0.94,1626.1,1564.6,1766.6,1611.6,1513.9,2473.7,1.009,23.1,24.1,0.959,1244.5,2423.0,0.514,249.8,234.8,1.064,3252.9,3122.2,4155.5,4295.4,4211.0,5743.8,0.757,16050.0,15990.6,1.004,552.5,520.7,700.0,1118.9,1106.0,1508.1,0.494
binding-focused-main,graphics,d3d11,rotate-mutable-roots,1024,12.1,11.2,1.08,1253.0,1147.8,1305.3,1281.9,1212.9,1545.1,0.977,26.0,25.1,1.036,1272.3,1268.8,1.003,223.1,245.4,0.909,2798.5,2739.1,4587.2,3125.7,2670.1,3756.5,0.895,16047.8,15985.7,1.004,669.0,516.3,1244.8,700.4,520.0,975.2,0.955
binding-focused-main,graphics,d3d11,rotate-frozen-roots,1024,13.4,11.1,1.207,1218.8,1170.1,1257.0,378.4,348.4,394.2,3.221,24.2,17.7,1.367,1245.8,2382.3,0.523,233.8,111.5,2.097,2869.7,2671.3,3795.3,2909.0,2836.2,2942.8,0.986,16046.4,16075.2,0.998,519.8,512.5,972.0,1106.0,1085.9,1124.1,0.47
binding-focused-main,compute,d3d12,root-mutable-blocks,1024,3.1,2.7,1.148,1972.1,1964.8,2182.9,2009.8,1993.8,2053.6,0.981,995.4,994.5,1.001,34.0,32.8,1.037,1.0,1.0,1.0,3021.7,2986.1,3241.9,3044.8,3025.6,3102.8,0.992,10674.3,10615.6,1.006,7226.6,7114.0,7430.0,7099.8,7021.7,7420.4,1.018
binding-focused-main,compute,d3d12,root-one-frozen-block,1024,2.6,3.0,0.867,1973.5,1950.2,2000.2,1715.6,1610.3,1954.1,1.15,984.6,1007.5,0.977,34.2,33.3,1.027,1.0,1.0,1.0,2998.6,2971.0,3075.0,2766.0,2641.6,3402.6,1.084,10598.9,9075.0,1.168,7210.6,7086.0,7404.6,5934.0,5852.5,6018.3,1.215
binding-focused-main,compute,d3d12,root-two-frozen-blocks,1024,3.2,2.6,1.231,1979.4,1961.5,2309.2,1236.4,1228.9,1250.3,1.601,1008.1,998.3,1.01,35.5,31.9,1.113,1.2,1.0,1.2,3039.8,3005.6,3497.1,2271.1,2259.6,2286.6,1.338,10677.8,7116.2,1.5,7473.9,7066.8,7523.4,4667.8,4654.3,5069.6,1.601
binding-focused-main,compute,d3d12,swap-mutable-blocks,1024,3.0,2.9,1.034,2213.8,2208.5,2471.4,2266.8,2258.1,2342.6,0.977,1005.5,1004.7,1.001,33.4,33.9,0.985,1.4,1.4,1.0,3255.5,3246.5,3579.5,3315.8,3304.4,3397.8,0.982,10803.6,10912.6,0.99,7234.0,7118.7,7546.0,7146.0,7040.0,7286.8,1.012
binding-focused-main,compute,d3d12,swap-frozen-blocks,1024,2.5,2.5,1.0,2205.2,2189.3,2209.2,1586.3,1577.8,1992.4,1.39,998.9,1006.0,0.993,31.1,31.1,1.0,0.9,1.0,0.9,3235.5,3213.0,3248.9,2637.4,2610.0,3223.4,1.227,10627.0,8508.4,1.249,7115.6,7100.0,7224.0,5524.5,5486.6,5569.9,1.288
binding-focused-main,compute,d3d12,rotate-mutable-roots,1024,2.4,2.6,0.923,1796.6,1785.3,2069.4,1830.3,1820.7,2177.2,0.982,1007.6,1012.5,0.995,32.4,33.0,0.982,0.9,1.0,0.9,2868.3,2827.6,3117.3,2887.7,2864.8,3400.7,0.993,10410.9,10501.3,0.991,7185.0,7122.0,7487.8,7377.6,7130.2,7475.3,0.974
binding-focused-main,compute,d3d12,rotate-frozen-roots,1024,2.8,2.6,1.077,1805.7,1796.3,1834.8,141.8,140.5,164.1,12.734,1010.4,1000.7,1.01,33.0,30.9,1.068,1.0,1.0,1.0,2845.5,2842.6,2891.2,1177.3,1171.5,1339.3,2.417,10319.6,5223.0,1.976,7115.7,7022.1,7130.0,3902.9,3899.8,3944.0,1.823
binding-focused-main,graphics,d3d12,root-mutable-blocks,1024,1.3,1.3,1.0,1987.8,1982.2,2002.2,2041.0,2035.0,2047.3,0.974,185.4,181.1,1.024,23.6,24.3,0.971,0.7,0.7,1.0,2197.7,2195.2,2213.3,2244.3,2240.7,2263.0,0.979,2377.8,2436.0,0.976,107.7,102.0,108.0,105.7,101.2,108.0,1.019
binding-focused-main,graphics,d3d12,root-one-frozen-block,1024,1.3,1.2,1.083,1994.1,1981.9,1994.2,1656.4,1651.6,1668.1,1.204,186.7,178.4,1.047,24.4,24.1,1.012,0.7,0.7,1.0,2202.4,2194.2,2208.1,1865.6,1860.3,1885.0,1.181,2387.9,2005.9,1.19,106.8,102.9,108.1,69.4,67.8,70.0,1.539
binding-focused-main,graphics,d3d12,root-two-frozen-blocks,1024,1.3,1.2,1.083,2006.4,1984.9,2410.7,1269.4,1263.7,1272.3,1.581,189.4,180.0,1.052,24.9,23.1,1.078,0.7,0.6,1.167,2214.5,2196.8,2664.7,1472.9,1466.8,1477.6,1.503,2439.0,1599.3,1.525,105.1,104.0,110.0,50.0,49.8,51.0,2.102
binding-focused-main,graphics,d3d12,swap-mutable-blocks,1024,1.2,1.4,0.857,2250.3,2245.0,2272.0,2325.5,2309.2,2784.8,0.968,187.9,189.2,0.993,23.9,26.2,0.912,0.7,0.8,0.875,2463.8,2456.5,2493.0,2541.1,2519.3,3054.4,0.97,2658.0,2925.2,0.909,105.9,104.0,108.0,107.2,105.3,109.5,0.988
binding-focused-main,graphics,d3d12,swap-frozen-blocks,1024,1.3,1.2,1.083,2251.9,2242.5,2264.6,1627.8,1620.8,1643.8,1.383,193.9,186.9,1.037,24.1,23.5,1.026,0.8,0.7,1.143,2472.5,2456.7,2482.2,1839.8,1835.8,1856.3,1.344,2661.8,1993.8,1.335,105.8,103.7,107.9,55.6,54.6,56.0,1.903
binding-focused-main,graphics,d3d12,rotate-mutable-roots,1024,1.3,1.3,1.0,1833.6,1820.6,2190.5,1881.2,1875.6,2164.8,0.975,189.5,189.8,0.998,24.3,24.2,1.004,0.7,0.7,1.0,2050.3,2038.0,2474.0,2095.4,2085.1,2384.6,0.978,2239.4,2325.6,0.963,107.3,104.2,107.9,105.8,105.3,108.5,1.014
binding-focused-main,graphics,d3d12,rotate-frozen-roots,1024,1.2,1.3,0.923,1825.0,1820.6,1834.2,200.3,200.1,202.8,9.111,190.8,166.2,1.148,24.1,22.3,1.081,0.7,0.7,1.0,2041.3,2032.1,2049.6,389.6,387.6,400.3,5.239,2223.3,506.3,4.391,106.2,104.6,109.3,37.7,36.4,38.0,2.817
binding-focused-main,ray-tracing,d3d12,root-mutable-blocks,1024,3.0,2.8,1.071,2035.3,2019.3,2085.6,2098.7,2093.1,2115.5,0.97,2758.4,2761.8,0.999,33.8,32.2,1.05,0.8,0.9,0.889,4833.7,4813.4,4921.2,4902.1,4882.0,4940.6,0.986,23107.5,23108.4,1.0,18112.4,17983.7,24068.8,18165.8,17902.8,18205.2,0.997
binding-focused-main,ray-tracing,d3d12,root-one-frozen-block,1024,2.8,2.8,1.0,2376.1,2030.6,2485.4,1719.4,1689.9,2014.9,1.382,2867.9,2765.2,1.037,34.9,32.5,1.074,0.8,0.8,1.0,5405.7,4824.1,5827.0,4509.3,4333.7,5441.5,1.199,23971.9,21662.8,1.107,18082.6,18010.2,25309.3,17024.9,16984.1,17066.6,1.062
binding-focused-main,ray-tracing,d3d12,root-two-frozen-blocks,1024,3.6,3.8,0.947,2065.8,2046.7,2158.8,1348.2,1292.8,1403.9,1.532,2772.9,2781.3,0.997,34.7,31.2,1.112,0.9,1.3,0.692,4874.3,4809.2,4995.4,4170.5,3933.0,4251.3,1.169,23067.3,21274.0,1.084,18111.7,18034.0,24064.3,16990.0,16977.8,17134.0,1.066
binding-focused-main,ray-tracing,d3d12,swap-mutable-blocks,1024,2.8,3.3,0.848,2288.5,2264.5,2528.7,2390.6,2361.0,2514.8,0.957,2784.5,2790.8,0.998,33.6,32.4,1.037,0.7,1.0,0.7,5100.1,5030.6,5679.7,5207.4,5179.7,5376.6,0.979,23631.4,23513.6,1.005,18151.9,18060.0,18544.9,18144.0,18095.9,23975.6,1.0
binding-focused-main,ray-tracing,d3d12,swap-frozen-blocks,1024,2.9,2.8,1.036,2299.9,2271.3,2414.1,1667.7,1651.3,1709.8,1.379,2764.4,2751.6,1.005,31.0,30.4,1.02,0.9,0.8,1.125,5100.5,5064.3,5267.7,4451.1,4429.1,4535.8,1.146,23249.7,21810.6,1.066,18006.8,17963.2,24328.6,17245.8,17058.4,17360.9,1.044
binding-focused-main,ray-tracing,d3d12,rotate-mutable-roots,1024,3.0,3.0,1.0,1890.7,1870.9,1972.5,1921.7,1899.5,1961.1,0.984,2767.6,2760.5,1.003,32.5,31.5,1.032,0.8,0.9,0.889,4699.0,4658.6,4832.9,4720.3,4682.6,4803.2,0.995,23030.3,22950.4,1.003,18047.8,17952.8,18362.0,17992.0,17944.2,18204.4,1.003
binding-focused-main,ray-tracing,d3d12,rotate-frozen-roots,1024,2.6,2.5,1.04,1869.0,1858.3,1873.5,153.9,150.5,156.7,12.144,2768.5,2753.0,1.006,30.0,30.5,0.984,0.7,0.8,0.875,4663.1,4655.6,4687.9,2949.6,2926.6,2981.7,1.581,22766.7,18306.5,1.244,18056.8,17968.2,23972.4,15224.9,15138.6,21127.3,1.186
binding-focused-main,compute,vulkan,root-mutable-blocks,1024,2.9,2.8,1.036,1564.9,1545.4,1926.5,1600.0,1590.0,1647.4,0.978,913.8,920.5,0.993,59.4,57.8,1.028,0.9,1.0,0.9,2541.5,2514.6,3099.4,2578.9,2575.8,2645.9,0.985,10299.4,10100.2,1.02,7622.3,6189.9,7664.1,7250.0,7243.6,7621.8,1.051
binding-focused-main,compute,vulkan,root-one-frozen-block,1024,2.8,2.8,1.0,1568.3,1539.7,1574.5,1239.1,1228.6,1658.0,1.266,913.3,909.8,1.004,57.2,57.8,0.99,0.9,0.9,1.0,2541.2,2514.1,2573.9,2206.4,2195.1,2871.3,1.152,10215.8,7894.9,1.294,7620.7,7248.2,7688.5,5528.9,5500.0,5590.3,1.378
binding-focused-main,compute,vulkan,root-two-frozen-blocks,1024,2.8,2.9,0.966,1574.7,1565.2,2007.9,827.1,823.5,1256.6,1.904,914.4,904.8,1.011,59.3,57.7,1.028,0.9,0.9,1.0,2561.5,2537.0,3197.6,1797.6,1782.8,2406.5,1.425,10257.6,5806.2,1.767,7618.7,7240.0,7638.0,3894.0,3878.1,3916.1,1.957
binding-focused-main,compute,vulkan,swap-mutable-blocks,1024,2.8,2.8,1.0,1840.6,1818.4,1859.4,1923.0,1875.6,2650.3,0.957,924.3,943.3,0.98,57.5,60.9,0.944,0.9,1.1,0.818,2832.0,2794.0,2841.8,2930.1,2859.4,3778.8,0.967,10384.6,10551.4,0.984,7254.8,7229.9,7638.5,7297.8,7240.0,7350.0,0.994
binding-focused-main,compute,vulkan,swap-frozen-blocks,1024,2.8,2.9,0.966,1828.8,1801.5,1857.5,1187.2,1177.0,1199.2,1.54,917.5,919.4,0.998,58.0,57.2,1.014,0.9,0.9,1.0,2801.7,2776.6,2848.2,2173.0,2146.2,2185.0,1.289,10350.9,6579.1,1.573,7286.0,7245.6,7591.8,4312.0,4287.5,4336.0,1.69
binding-focused-main,compute,vulkan,rotate-mutable-roots,1024,2.8,2.8,1.0,1418.3,1386.1,1423.5,1470.2,1451.6,1478.6,0.965,923.5,933.3,0.989,57.7,57.1,1.011,0.9,0.9,1.0,2406.5,2358.1,2413.2,2465.6,2438.1,2481.2,0.976,10082.3,10176.0,0.991,7619.7,7246.0,7670.4,7610.0,7249.9,7713.7,1.001
binding-focused-main,compute,vulkan,rotate-frozen-roots,1024,2.9,2.9,1.0,1391.9,1369.3,1421.0,145.8,144.3,206.0,9.547,919.4,899.9,1.022,57.0,58.3,0.978,0.9,0.9,1.0,2374.4,2346.7,2398.0,1107.9,1099.1,1580.8,2.143,9939.6,4050.8,2.454,7250.0,7244.0,7600.0,2846.0,2813.9,2853.5,2.547
binding-focused-main,graphics,vulkan,root-mutable-blocks,1024,1.1,1.1,1.0,1641.1,1615.2,2296.4,1663.3,1642.1,1685.0,0.987,285.2,278.1,1.026,21.3,18.0,1.183,0.6,0.6,1.0,1949.4,1918.0,2780.8,1966.2,1941.9,1983.0,0.991,2160.6,2151.9,1.004,113.2,109.4,116.2,111.8,109.1,116.4,1.013
binding-focused-main,graphics,vulkan,root-one-frozen-block,1024,1.0,1.1,0.909,1615.6,1589.5,1634.6,1285.4,1262.9,1303.5,1.257,279.8,271.5,1.031,18.5,17.9,1.034,0.7,0.6,1.167,1919.3,1886.0,1946.8,1576.6,1554.2,1588.8,1.217,2109.7,1729.8,1.22,111.8,110.0,113.6,82.2,82.0,83.4,1.36
binding-focused-main,graphics,vulkan,root-two-frozen-blocks,1024,1.1,1.0,1.1,1623.9,1591.1,1637.9,867.5,862.2,868.8,1.872,280.0,259.1,1.081,18.2,18.6,0.978,0.6,0.6,1.0,1923.4,1889.3,1943.8,1144.1,1141.7,1147.8,1.681,2108.1,1283.3,1.643,113.1,112.0,115.8,65.7,65.0,66.0,1.721
binding-focused-main,graphics,vulkan,swap-mutable-blocks,1024,1.1,1.0,1.1,1889.6,1869.8,2142.2,1942.1,1919.6,1970.6,0.973,281.2,281.0,1.001,18.9,18.3,1.033,0.7,0.6,1.167,2191.6,2171.3,2447.5,2241.8,2214.4,2268.5,0.978,2390.4,2418.0,0.989,112.6,112.0,114.7,112.0,110.2,113.7,1.005
binding-focused-main,graphics,vulkan,swap-frozen-blocks,1024,1.1,1.1,1.0,1976.8,1856.9,2531.9,1238.7,1203.0,1697.3,1.596,288.1,268.8,1.072,21.8,19.7,1.107,0.7,0.7,1.0,2288.3,2160.8,2945.1,1526.2,1482.2,2092.2,1.499,2488.6,1669.0,1.491,114.0,112.6,117.8,65.7,65.4,65.9,1.735
binding-focused-main,graphics,vulkan,rotate-mutable-roots,1024,1.1,1.1,1.0,1465.0,1439.4,1472.0,1526.8,1507.1,1537.9,0.96,286.6,282.6,1.014,18.4,19.2,0.958,0.5,0.6,0.833,1771.8,1741.3,1778.0,1828.2,1808.1,1844.5,0.969,1963.3,2016.7,0.974,111.6,111.3,116.8,113.8,110.2,115.4,0.981
binding-focused-main,graphics,vulkan,rotate-frozen-roots,1024,1.0,1.0,1.0,1483.6,1474.4,1493.7,203.0,201.3,204.8,7.308,285.5,213.5,1.337,17.9,16.7,1.072,0.6,0.5,1.2,1786.9,1777.5,1793.5,434.3,431.5,440.1,4.114,1972.1,568.6,3.468,112.5,111.9,114.0,64.0,64.0,64.0,1.758
binding-focused-main,ray-tracing,vulkan,root-mutable-blocks,1024,5.3,5.0,1.06,2386.6,1794.2,2614.3,1912.7,1895.7,2477.2,1.248,3744.9,3166.5,1.183,142.6,126.7,1.125,2.2,2.1,1.048,6271.8,5109.9,8249.4,5187.6,5115.4,6324.9,1.209,23281.4,22924.9,1.016,16381.4,16219.9,20202.0,16348.0,16218.0,21239.3,1.002
binding-focused-main,ray-tracing,vulkan,root-one-frozen-block,1024,4.7,4.8,0.979,1892.3,1825.3,1903.5,1478.5,1447.9,1939.6,1.28,3135.8,3110.6,1.008,124.3,120.0,1.036,1.8,2.1,0.857,5149.3,5099.2,5277.1,4782.7,4634.8,5695.1,1.077,21564.0,19710.3,1.094,16255.0,16237.5,21360.1,14772.0,14703.3,14889.7,1.1
binding-focused-main,ray-tracing,vulkan,root-two-frozen-blocks,1024,4.9,4.6,1.065,1897.2,1817.6,2302.1,1023.7,961.5,1284.3,1.853,3230.7,3088.8,1.046,127.6,120.9,1.055,2.1,1.6,1.312,5262.0,5143.7,5996.9,4284.6,4111.9,4997.2,1.228,21772.3,18076.2,1.204,16315.9,16251.4,21385.3,13321.2,13163.8,17895.1,1.225
binding-focused-main,ray-tracing,vulkan,swap-mutable-blocks,1024,5.2,4.8,1.083,2278.5,2146.8,2639.3,2138.9,2096.9,2266.3,1.065,3195.7,3104.3,1.029,128.7,122.3,1.052,1.9,1.8,1.056,5634.9,5401.5,6534.9,5354.2,5318.0,5706.7,1.052,23031.0,21811.9,1.056,16400.1,16344.0,21422.0,16221.8,16180.0,16345.7,1.011
binding-focused-main,ray-tracing,vulkan,swap-frozen-blocks,1024,4.7,4.5,1.044,2133.3,2086.2,2252.2,1422.6,1367.8,1852.8,1.5,3102.3,3122.1,0.994,123.5,118.0,1.047,2.0,1.8,1.111,5320.3,5280.5,5665.4,4701.2,4505.4,5682.3,1.132,21956.5,18533.1,1.185,16304.0,16253.0,21206.0,13808.0,13761.9,13837.6,1.181
binding-focused-main,ray-tracing,vulkan,rotate-mutable-roots,1024,4.7,5.0,0.94,1701.7,1693.5,1885.4,1804.0,1745.3,2065.2,0.943,3165.0,3142.9,1.007,127.8,131.3,0.973,2.0,2.2,0.909,4992.5,4949.3,5474.3,5103.0,4925.7,5710.1,0.978,21401.1,21393.1,1.0,16322.7,16245.0,16424.2,16323.0,16229.7,21224.1,1.0
binding-focused-main,ray-tracing,vulkan,rotate-frozen-roots,1024,4.8,4.4,1.091,1790.9,1666.6,2096.2,176.9,166.6,203.7,10.124,3186.7,3014.4,1.057,127.9,113.6,1.126,2.0,1.6,1.25,5140.6,4940.3,5958.9,3317.0,3128.1,3641.7,1.55,21547.5,16388.7,1.315,16361.6,16253.1,21158.0,12838.0,12444.0,17616.5,1.274
binding-focused-main,compute,wgpu,root-mutable-blocks,1024,11.7,11.5,1.017,5264.7,5122.4,5872.5,5585.6,5298.7,5835.2,0.943,1427.9,1432.5,0.997,1628.3,1652.8,0.985,361.2,355.2,1.017,8618.4,8581.9,9497.5,9319.9,8718.8,9937.2,0.925,11095.9,11551.8,0.961,-1.0,-1.0,-1.0,-1.0,-1.0,-1.0,
binding-focused-main,compute,wgpu,root-one-frozen-block,1024,11.2,11.0,1.018,5181.2,5146.9,5362.3,4454.0,4215.3,4557.2,1.163,1426.9,1458.4,0.978,1643.6,1644.2,1.0,356.1,250.2,1.423,8650.4,8500.7,8915.0,7894.2,7490.1,8553.9,1.096,11179.3,10203.7,1.096,-1.0,-1.0,-1.0,-1.0,-1.0,-1.0,
binding-focused-main,compute,wgpu,root-two-frozen-blocks,1024,11.1,11.5,0.965,5293.0,5127.4,5450.1,3529.8,3264.3,3663.4,1.5,1423.1,1464.2,0.972,1641.0,1492.8,1.099,358.4,130.9,2.738,8741.4,8538.6,8822.9,6593.2,6321.4,6747.4,1.326,11155.0,8608.6,1.296,-1.0,-1.0,-1.0,-1.0,-1.0,-1.0,
binding-focused-main,compute,wgpu,swap-mutable-blocks,1024,11.8,12.8,0.922,5739.0,5426.0,7227.5,5907.3,5723.6,6615.8,0.972,1437.7,1497.2,0.96,1649.0,1927.6,0.855,359.1,379.6,0.946,9177.9,8883.0,11659.4,9389.1,9158.8,10672.8,0.978,11584.5,11842.3,0.978,-1.0,-1.0,-1.0,-1.0,-1.0,-1.0,
binding-focused-main,compute,wgpu,swap-frozen-blocks,1024,11.9,11.5,1.035,5619.8,5327.1,6005.4,3825.2,3424.7,4715.3,1.469,1427.9,1471.3,0.971,1638.2,1622.8,1.009,359.3,138.0,2.604,8989.1,8751.1,10181.4,7015.6,6606.3,9919.8,1.281,11394.0,9424.2,1.209,-1.0,-1.0,-1.0,-1.0,-1.0,-1.0,
binding-focused-main,compute,wgpu,rotate-mutable-roots,1024,11.5,11.3,1.018,5207.1,4847.4,5561.1,5053.6,4902.2,5142.0,1.03,1441.8,1430.3,1.008,1636.4,1660.9,0.985,355.8,350.7,1.015,8637.8,8221.4,9166.2,8504.2,8401.1,8547.9,1.016,11152.2,10918.6,1.021,-1.0,-1.0,-1.0,-1.0,-1.0,-1.0,
binding-focused-main,compute,wgpu,rotate-frozen-roots,1024,11.8,11.1,1.063,5119.3,4840.7,5596.6,174.0,169.7,176.7,29.421,1435.4,1475.3,0.973,1618.6,1133.7,1.428,356.7,20.9,17.067,8500.6,8158.0,9402.1,2818.7,2779.4,3041.4,3.016,11145.8,5694.5,1.957,-1.0,-1.0,-1.0,-1.0,-1.0,-1.0,
binding-focused-main,graphics,wgpu,root-mutable-blocks,1024,6.9,7.0,0.986,4662.5,4626.0,4726.7,4893.6,4821.8,5290.2,0.953,749.0,750.6,0.998,752.3,735.6,1.023,400.3,403.3,0.993,6597.4,6508.7,6653.2,6764.9,6732.3,7450.5,0.975,6602.2,6770.1,0.975,-1.0,-1.0,-1.0,-1.0,-1.0,-1.0,
binding-focused-main,graphics,wgpu,root-one-frozen-block,1024,7.2,6.6,1.091,4805.8,4647.7,5354.2,3829.3,3826.1,3906.7,1.255,754.0,759.8,0.992,758.7,657.0,1.155,410.4,284.3,1.444,6745.6,6567.4,7343.8,5569.8,5535.4,5581.4,1.211,6750.7,5575.0,1.211,-1.0,-1.0,-1.0,-1.0,-1.0,-1.0,
binding-focused-main,graphics,wgpu,root-two-frozen-blocks,1024,6.8,6.6,1.03,4687.2,4573.3,5847.8,2823.1,2764.5,3420.9,1.66,747.5,755.6,0.989,742.1,607.8,1.221,400.0,176.8,2.262,6584.1,6407.7,8213.6,4348.6,4322.0,5254.8,1.514,6589.3,4353.2,1.514,-1.0,-1.0,-1.0,-1.0,-1.0,-1.0,
binding-focused-main,graphics,wgpu,swap-mutable-blocks,1024,6.7,7.1,0.944,5078.0,4976.6,6239.7,5215.9,5106.9,5321.8,0.974,747.3,756.3,0.988,745.8,739.6,1.008,401.8,399.6,1.006,6944.5,6908.2,8513.5,7140.6,6993.9,7337.8,0.973,6949.0,7145.4,0.973,-1.0,-1.0,-1.0,-1.0,-1.0,-1.0,
binding-focused-main,graphics,wgpu,swap-frozen-blocks,1024,6.7,6.6,1.015,5013.8,4924.0,5300.8,3161.8,3142.5,3373.0,1.586,752.0,752.2,1.0,743.9,664.0,1.12,402.5,185.9,2.165,6944.0,6828.1,7458.4,4783.0,4751.2,5106.8,1.452,6948.9,4787.8,1.451,-1.0,-1.0,-1.0,-1.0,-1.0,-1.0,
binding-focused-main,graphics,wgpu,rotate-mutable-roots,1024,6.7,7.6,0.882,4583.1,4496.2,4608.5,5300.9,4621.7,5477.5,0.865,753.7,758.0,0.994,727.4,752.3,0.967,406.2,406.6,0.999,6480.3,6423.1,6499.2,7338.4,6526.7,7784.6,0.883,6485.0,7343.9,0.883,-1.0,-1.0,-1.0,-1.0,-1.0,-1.0,
binding-focused-main,graphics,wgpu,rotate-frozen-roots,1024,7.0,7.7,0.909,4757.8,4553.8,5728.6,341.4,334.8,468.6,13.936,755.2,755.4,1.0,750.4,225.3,3.331,402.4,71.4,5.636,6666.6,6468.6,7696.3,1414.2,1396.5,1759.0,4.714,6672.1,1481.5,4.504,-1.0,-1.0,-1.0,-1.0,-1.0,-1.0,
binding-focused-mask-compute-all-modes,compute,wgpu,bulk-root-two-frozen-blocks,1024,12.0,11.5,1.043,4598.8,4544.9,5778.3,2916.3,2891.1,3035.1,1.577,1361.7,1406.8,0.968,1601.5,1113.5,1.438,380.6,140.0,2.719,7945.6,7880.7,9095.9,5592.7,5561.9,5762.8,1.421,10446.8,8019.4,1.303,-1.0,-1.0,-1.0,-1.0,-1.0,-1.0,
binding-focused-mask-compute-all-modes,compute,wgpu,fresh-frozen-blocks,1024,11.8,11.7,1.009,11551.4,11502.2,12675.7,24302.7,23943.6,24644.1,0.475,1365.0,1602.1,0.852,1596.5,2088.3,0.764,380.4,3053.7,0.125,14927.8,14828.0,16053.5,31135.6,30727.8,31846.1,0.479,17501.2,33640.1,0.52,-1.0,-1.0,-1.0,-1.0,-1.0,-1.0,
binding-focused-mask-compute-all-modes,compute,wgpu,fresh-mutable-blocks,1024,11.9,11.5,1.035,10777.6,10738.6,11888.5,11905.0,11814.3,13189.9,0.905,1361.6,1371.7,0.993,1601.2,1592.6,1.005,380.0,382.5,0.993,14195.7,14079.5,15168.9,15267.3,15148.1,16520.1,0.93,16724.6,17812.4,0.939,-1.0,-1.0,-1.0,-1.0,-1.0,-1.0,
binding-focused-mask-compute-all-modes,compute,wgpu,mutate-blocks,1024,11.8,11.4,1.035,9466.1,9283.6,10350.1,9459.5,9395.9,10804.1,1.001,1370.8,1376.5,0.996,1590.4,1582.5,1.005,384.6,384.8,0.999,12870.5,12628.8,13738.9,12951.5,12704.1,14191.8,0.994,15391.7,15435.5,0.997,-1.0,-1.0,-1.0,-1.0,-1.0,-1.0,
binding-focused-mask-compute-all-modes,compute,wgpu,root-mutable-blocks,1024,11.4,11.1,1.027,4994.5,4871.6,6226.8,4620.1,4524.9,5800.6,1.081,1364.6,1362.5,1.002,1577.3,1234.0,1.278,386.1,385.7,1.001,8327.2,8092.7,9518.8,7617.1,7495.4,8778.9,1.093,10763.8,10449.4,1.03,-1.0,-1.0,-1.0,-1.0,-1.0,-1.0,
binding-focused-mask-compute-all-modes,compute,wgpu,root-one-frozen-block,1024,11.5,12.3,0.935,4478.6,4401.0,5568.8,4568.7,4439.5,4641.2,0.98,1358.9,1375.7,0.988,1582.1,1543.6,1.025,383.9,271.5,1.414,7862.5,7793.5,8927.7,7766.3,7611.2,7997.6,1.012,10638.3,10057.1,1.058,-1.0,-1.0,-1.0,-1.0,-1.0,-1.0,
binding-focused-mask-compute-all-modes,compute,wgpu,root-two-frozen-blocks,1024,11.7,11.6,1.009,4685.5,4576.5,5603.7,2693.3,2636.4,2873.9,1.74,1356.2,1416.2,0.958,1564.7,1498.9,1.044,384.3,139.0,2.765,8148.1,7905.0,9018.3,5802.0,5673.1,6087.2,1.404,10700.5,7996.6,1.338,-1.0,-1.0,-1.0,-1.0,-1.0,-1.0,
binding-focused-mask-compute-all-modes,compute,wgpu,rotate-frozen-roots,1024,11.8,12.6,0.937,4884.3,4781.3,6225.8,183.0,177.0,187.7,26.69,1363.5,1474.6,0.925,1582.0,1573.4,1.005,385.4,20.2,19.079,8221.4,8123.4,9570.0,3266.7,3207.9,3306.6,2.517,10828.3,5791.5,1.87,-1.0,-1.0,-1.0,-1.0,-1.0,-1.0,
binding-focused-mask-compute-all-modes,compute,wgpu,rotate-mutable-roots,1024,11.8,13.6,0.868,4322.7,4256.8,5615.9,5487.1,5356.7,6842.8,0.788,1364.6,1481.5,0.921,1578.6,2606.3,0.606,382.9,374.7,1.022,7667.9,7619.3,8939.3,9968.8,9780.4,11448.2,0.769,10201.9,11521.5,0.885,-1.0,-1.0,-1.0,-1.0,-1.0,-1.0,
binding-focused-mask-compute-all-modes,compute,wgpu,static-frozen-root,1024,11.4,12.4,0.919,4177.0,4126.9,5377.8,133.5,131.3,148.1,31.288,1359.9,852.8,1.595,1570.9,1341.7,1.171,384.0,18.6,20.645,7542.7,7447.0,8712.3,2339.6,2329.9,2362.7,3.224,9952.6,4018.0,2.477,-1.0,-1.0,-1.0,-1.0,-1.0,-1.0,
binding-focused-mask-compute-all-modes,compute,wgpu,static-mutable,1024,11.2,11.1,1.009,4906.1,4847.9,6057.7,5212.5,5056.5,6663.6,0.941,1363.3,1388.9,0.982,1587.2,1611.4,0.985,384.3,387.2,0.993,8303.3,8185.8,9362.4,8714.4,8402.3,10017.4,0.953,10810.4,11239.4,0.962,-1.0,-1.0,-1.0,-1.0,-1.0,-1.0,
binding-focused-mask-compute-all-modes,compute,wgpu,swap-frozen-blocks,1024,11.5,12.6,0.913,5342.2,5225.9,6628.4,3193.9,3075.6,3317.1,1.673,1359.8,1419.4,0.958,1564.6,1629.1,0.96,386.3,147.8,2.614,8660.3,8559.7,9928.6,6415.2,6315.6,6767.9,1.35,11400.6,8842.5,1.289,-1.0,-1.0,-1.0,-1.0,-1.0,-1.0,
binding-focused-mask-compute-all-modes,compute,wgpu,swap-mutable-blocks,1024,11.8,11.5,1.026,4835.9,4689.8,5912.0,5579.1,5510.9,6773.3,0.867,1362.5,1362.8,1.0,1587.7,1621.5,0.979,385.2,386.1,0.998,8218.6,8006.5,9207.8,8891.2,8786.7,10097.1,0.924,10835.0,11453.7,0.946,-1.0,-1.0,-1.0,-1.0,-1.0,-1.0,
binding-focused-mask-compute-isolated,compute,wgpu,rotate-mutable-roots,1024,12.2,11.8,1.034,4835.0,4752.9,5674.5,4960.9,4905.9,5208.0,0.975,1388.4,1377.4,1.008,1607.1,1616.6,0.994,385.5,388.0,0.994,8189.8,8107.1,9444.4,8369.3,8275.2,8608.2,0.979,10752.3,10839.2,0.992,-1.0,-1.0,-1.0,-1.0,-1.0,-1.0,
binding-focused-mask-compute-reused-only,compute,wgpu,bulk-root-two-frozen-blocks,1024,11.9,12.3,0.967,4613.4,4582.0,4746.8,2975.3,2849.7,3115.3,1.551,1363.7,1420.2,0.96,1591.4,1096.2,1.452,381.0,139.3,2.735,7929.6,7897.6,8038.8,5687.9,5530.6,5810.3,1.394,10504.7,8100.0,1.297,-1.0,-1.0,-1.0,-1.0,-1.0,-1.0,
binding-focused-mask-compute-reused-only,compute,wgpu,mutate-blocks,1024,11.7,11.5,1.017,9175.1,8973.7,9314.0,9458.5,8815.6,9742.8,0.97,1374.9,1379.1,0.997,1579.4,1611.2,0.98,383.4,383.3,1.0,12498.9,12280.8,12693.0,12766.6,12158.4,13187.5,0.979,15366.1,15391.0,0.998,-1.0,-1.0,-1.0,-1.0,-1.0,-1.0,
binding-focused-mask-compute-reused-only,compute,wgpu,root-mutable-blocks,1024,11.0,11.3,0.973,4961.3,4860.4,5087.0,4620.8,4509.2,4910.4,1.074,1358.2,1383.0,0.982,1576.3,1226.2,1.286,385.2,386.8,0.996,8294.4,8161.3,8379.0,7635.0,7477.7,8381.2,1.086,10752.4,10494.5,1.025,-1.0,-1.0,-1.0,-1.0,-1.0,-1.0,
binding-focused-mask-compute-reused-only,compute,wgpu,root-one-frozen-block,1024,11.6,11.2,1.036,4440.7,4341.3,5005.7,3838.8,3738.9,4786.3,1.157,1354.2,1400.3,0.967,1571.5,1585.5,0.991,383.6,267.9,1.432,7721.5,7657.8,8391.9,7222.5,6956.0,8126.6,1.069,10794.1,9822.8,1.099,-1.0,-1.0,-1.0,-1.0,-1.0,-1.0,
binding-focused-mask-compute-reused-only,compute,wgpu,root-two-frozen-blocks,1024,11.6,11.8,0.983,4525.6,4410.0,5077.5,2693.6,2691.1,2899.9,1.68,1359.0,1426.8,0.952,1576.8,1490.8,1.058,382.9,134.7,2.843,7981.6,7829.1,8419.4,5798.4,5731.6,6080.6,1.377,10745.1,7905.6,1.359,-1.0,-1.0,-1.0,-1.0,-1.0,-1.0,
binding-focused-mask-compute-reused-only,compute,wgpu,rotate-frozen-roots,1024,11.4,12.0,0.95,4940.4,4686.8,4999.9,185.4,179.9,191.3,26.647,1357.4,1475.6,0.92,1576.0,1538.9,1.024,385.9,20.4,18.917,8314.4,7979.7,8376.9,3275.2,3186.8,3371.3,2.539,10690.8,5691.0,1.879,-1.0,-1.0,-1.0,-1.0,-1.0,-1.0,
binding-focused-mask-compute-reused-only,compute,wgpu,rotate-mutable-roots,1024,11.8,11.3,1.044,4273.8,4261.2,4296.1,4438.8,4435.3,5378.0,0.963,1355.5,1395.4,0.971,1582.7,1614.3,0.98,384.0,381.8,1.006,7605.8,7569.0,7628.7,7818.3,7750.3,8817.1,0.973,10148.5,10415.1,0.974,-1.0,-1.0,-1.0,-1.0,-1.0,-1.0,
binding-focused-mask-compute-reused-only,compute,wgpu,static-frozen-root,1024,11.5,11.4,1.009,4183.0,4132.8,4196.6,141.3,136.1,150.1,29.604,1356.2,858.0,1.581,1560.8,1330.5,1.173,381.5,18.5,20.622,7476.1,7425.3,7559.6,2372.4,2289.6,2484.8,3.151,9928.1,4131.2,2.403,-1.0,-1.0,-1.0,-1.0,-1.0,-1.0,
binding-focused-mask-compute-reused-only,compute,wgpu,static-mutable,1024,11.0,12.1,0.909,4867.9,4794.7,5118.8,4752.6,4354.4,5528.4,1.024,1357.7,1387.8,0.978,1573.9,1635.4,0.962,385.6,380.0,1.015,8176.1,8131.0,8427.5,8166.0,7708.6,9089.7,1.001,10688.7,10694.8,0.999,-1.0,-1.0,-1.0,-1.0,-1.0,-1.0,
binding-focused-mask-compute-reused-only,compute,wgpu,swap-frozen-blocks,1024,11.1,11.8,0.941,5411.5,5386.1,5454.6,3313.0,3125.3,3672.5,1.633,1353.9,1430.7,0.946,1555.1,1602.3,0.971,383.6,147.7,2.597,8726.3,8663.0,8786.0,6686.8,6306.6,6846.0,1.305,11232.5,9101.8,1.234,-1.0,-1.0,-1.0,-1.0,-1.0,-1.0,
binding-focused-mask-compute-reused-only,compute,wgpu,swap-mutable-blocks,1024,11.4,11.5,0.991,4707.5,4685.4,4766.4,5081.7,5065.0,5982.9,0.926,1362.0,1375.2,0.99,1574.7,1622.6,0.97,383.4,381.2,1.006,8092.1,7981.2,8116.1,8487.7,8448.4,9558.1,0.953,10480.8,10960.8,0.956,-1.0,-1.0,-1.0,-1.0,-1.0,-1.0,
binding-focused-mask-compute-without-fresh-finalized,compute,wgpu,bulk-root-two-frozen-blocks,1024,11.7,11.8,0.992,5171.6,4994.6,5360.8,3485.4,3094.7,3610.1,1.484,1357.9,1399.3,0.97,1600.0,1092.4,1.465,383.2,141.4,2.71,8603.7,8595.6,8736.2,6167.8,5725.1,6256.2,1.395,11073.5,8550.5,1.295,-1.0,-1.0,-1.0,-1.0,-1.0,-1.0,
binding-focused-mask-compute-without-fresh-finalized,compute,wgpu,fresh-mutable-blocks,1024,12.0,11.9,1.008,11238.0,11200.3,11688.0,11407.8,11189.6,11882.6,0.985,1358.2,1373.4,0.989,1603.9,1601.1,1.002,382.5,382.0,1.001,14570.9,14560.4,15048.3,14850.9,14585.3,15218.8,0.981,17165.6,17285.9,0.993,-1.0,-1.0,-1.0,-1.0,-1.0,-1.0,
binding-focused-mask-compute-without-fresh-finalized,compute,wgpu,mutate-blocks,1024,11.0,11.6,0.948,9037.6,8675.7,9449.2,9352.9,9341.8,9441.6,0.966,1365.9,1376.0,0.993,1616.9,1617.0,1.0,384.5,389.1,0.988,12483.8,12130.3,12907.1,12788.1,12692.5,12791.5,0.976,15007.1,15220.2,0.986,-1.0,-1.0,-1.0,-1.0,-1.0,-1.0,
binding-focused-mask-compute-without-fresh-finalized,compute,wgpu,root-mutable-blocks,1024,11.1,11.6,0.957,4904.3,4885.5,5285.2,4568.5,4539.3,4581.3,1.074,1351.6,1369.1,0.987,1594.9,1232.3,1.294,384.3,381.7,1.007,8335.2,8305.5,8659.5,7560.5,7491.1,7589.3,1.102,11018.4,10339.1,1.066,-1.0,-1.0,-1.0,-1.0,-1.0,-1.0,
binding-focused-mask-compute-without-fresh-finalized,compute,wgpu,root-one-frozen-block,1024,11.4,11.6,0.983,4741.4,4510.5,5261.4,4450.9,4425.0,4461.8,1.065,1358.1,1384.7,0.981,1614.9,1478.5,1.092,383.8,271.6,1.413,8285.0,7895.5,8579.4,7571.6,7550.2,7628.8,1.094,10791.0,9803.8,1.101,-1.0,-1.0,-1.0,-1.0,-1.0,-1.0,
binding-focused-mask-compute-without-fresh-finalized,compute,wgpu,root-two-frozen-blocks,1024,11.9,11.4,1.044,4906.6,4833.8,5354.5,3299.1,3289.3,3334.9,1.487,1354.5,1427.0,0.949,1593.5,1481.2,1.076,381.9,139.6,2.736,8209.5,8092.5,8943.9,6357.3,6300.6,6375.1,1.291,10558.5,8276.0,1.276,-1.0,-1.0,-1.0,-1.0,-1.0,-1.0,
binding-focused-mask-compute-without-fresh-finalized,compute,wgpu,rotate-frozen-roots,1024,12.2,11.9,1.025,5049.8,4890.9,5092.4,188.0,184.7,189.8,26.861,1390.4,1472.7,0.944,1614.4,1475.6,1.094,385.6,21.6,17.852,8451.4,8250.0,8628.0,3165.2,3161.5,3180.7,2.67,10980.3,5825.9,1.885,-1.0,-1.0,-1.0,-1.0,-1.0,-1.0,
binding-focused-mask-compute-without-fresh-finalized,compute,wgpu,rotate-mutable-roots,1024,12.2,12.1,1.008,4581.3,4352.9,5195.3,5185.5,5111.6,5412.9,0.883,1367.2,1360.4,1.005,1615.6,1631.9,0.99,384.0,361.5,1.062,8092.9,8025.2,8524.7,8575.5,8396.7,8706.4,0.944,10440.5,11172.2,0.935,-1.0,-1.0,-1.0,-1.0,-1.0,-1.0,
binding-focused-mask-compute-without-fresh-finalized,compute,wgpu,static-frozen-root,1024,12.4,11.1,1.117,4874.1,4247.7,4949.1,140.7,139.0,140.8,34.642,1348.3,846.2,1.593,1592.0,1300.6,1.224,382.8,19.1,20.042,8262.4,7577.1,8267.9,2329.2,2329.2,2358.1,3.547,10752.1,3983.3,2.699,-1.0,-1.0,-1.0,-1.0,-1.0,-1.0,
binding-focused-mask-compute-without-fresh-finalized,compute,wgpu,static-mutable,1024,11.8,11.3,1.044,4684.2,4612.6,4907.7,5032.4,5007.8,5069.0,0.931,1366.6,1368.8,0.998,1585.1,1539.9,1.029,383.9,387.0,0.992,8039.6,7971.2,8281.6,8360.2,8353.7,8400.0,0.962,10498.5,10942.1,0.959,-1.0,-1.0,-1.0,-1.0,-1.0,-1.0,
binding-focused-mask-compute-without-fresh-finalized,compute,wgpu,swap-frozen-blocks,1024,13.1,12.3,1.065,4944.8,4807.0,5849.3,3730.0,3710.3,3775.7,1.326,1367.3,1423.6,0.96,1592.3,1574.7,1.011,382.6,149.6,2.557,8424.6,8139.3,9166.3,6958.4,6774.2,7043.6,1.211,11277.1,9258.4,1.218,-1.0,-1.0,-1.0,-1.0,-1.0,-1.0,
binding-focused-mask-compute-without-fresh-finalized,compute,wgpu,swap-mutable-blocks,1024,12.2,11.8,1.034,5258.9,5118.0,5530.0,5252.9,5207.5,5752.5,1.001,1375.0,1363.9,1.008,1608.1,1621.0,0.992,382.6,387.4,0.988,8474.6,8441.6,8912.8,8723.7,8665.3,9121.3,0.971,11116.3,11210.1,0.992,-1.0,-1.0,-1.0,-1.0,-1.0,-1.0,
binding-focused-mask-compute-without-fresh-mutable,compute,wgpu,bulk-root-two-frozen-blocks,1024,11.8,11.5,1.026,4672.4,4609.8,4762.4,2905.0,2878.7,2963.1,1.608,1354.7,1401.4,0.967,1597.5,1106.0,1.444,384.1,139.6,2.751,8123.6,8004.1,8138.9,5567.7,5543.3,5656.5,1.459,10689.2,8002.1,1.336,-1.0,-1.0,-1.0,-1.0,-1.0,-1.0,
binding-focused-mask-compute-without-fresh-mutable,compute,wgpu,fresh-frozen-blocks,1024,11.9,11.3,1.053,11460.9,11435.0,11471.6,24759.9,24365.2,24822.4,0.463,1360.7,1608.5,0.846,1598.7,2077.6,0.769,383.8,3126.9,0.123,14823.8,14734.4,14828.8,31544.3,31213.3,31637.2,0.47,17330.6,34260.4,0.506,-1.0,-1.0,-1.0,-1.0,-1.0,-1.0,
binding-focused-mask-compute-without-fresh-mutable,compute,wgpu,mutate-blocks,1024,10.8,11.2,0.964,8846.0,8771.1,9018.0,9488.6,9203.4,9495.0,0.932,1365.6,1368.6,0.998,1599.2,1604.1,0.997,385.2,383.6,1.004,12343.7,12292.7,12473.3,12767.7,12537.8,12956.5,0.967,14870.1,15351.1,0.969,-1.0,-1.0,-1.0,-1.0,-1.0,-1.0,
binding-focused-mask-compute-without-fresh-mutable,compute,wgpu,root-mutable-blocks,1024,11.0,11.4,0.965,5022.6,4974.4,5220.6,4583.5,4495.6,4671.8,1.096,1358.4,1363.9,0.996,1574.1,1227.4,1.282,385.2,385.4,0.999,8317.6,8249.2,8625.6,7569.8,7486.3,7653.2,1.099,10692.7,10386.3,1.03,-1.0,-1.0,-1.0,-1.0,-1.0,-1.0,
binding-focused-mask-compute-without-fresh-mutable,compute,wgpu,root-one-frozen-block,1024,11.5,11.3,1.018,4629.5,4620.1,4682.4,4443.0,4431.3,4462.3,1.042,1349.3,1388.5,0.972,1578.1,1467.1,1.076,385.1,272.5,1.413,8074.4,7954.2,8179.2,7630.1,7594.8,7642.0,1.058,10543.6,9878.0,1.067,-1.0,-1.0,-1.0,-1.0,-1.0,-1.0,
binding-focused-mask-compute-without-fresh-mutable,compute,wgpu,root-two-frozen-blocks,1024,11.6,11.5,1.009,5087.3,4930.8,5088.6,3354.4,2651.9,3359.0,1.517,1371.3,1405.5,0.976,1607.5,1466.7,1.096,380.5,139.8,2.722,8388.2,8254.8,8431.0,6327.7,5711.7,6402.6,1.326,10814.3,8273.1,1.307,-1.0,-1.0,-1.0,-1.0,-1.0,-1.0,
binding-focused-mask-compute-without-fresh-mutable,compute,wgpu,rotate-frozen-roots,1024,12.1,12.5,0.968,4966.5,4860.5,4981.1,183.9,176.4,187.9,27.007,1367.7,1487.0,0.92,1586.0,1467.7,1.081,383.3,20.4,18.789,8311.0,8292.0,8349.7,3196.9,3162.9,3200.2,2.6,10773.0,5762.7,1.869,-1.0,-1.0,-1.0,-1.0,-1.0,-1.0,
binding-focused-mask-compute-without-fresh-mutable,compute,wgpu,rotate-mutable-roots,1024,12.2,13.9,0.878,4366.9,4337.2,4540.2,5457.2,4680.4,5590.4,0.8,1361.9,1479.0,0.921,1601.1,2639.6,0.607,384.3,362.3,1.061,7885.0,7782.0,8048.8,9990.9,9229.7,10064.4,0.789,10296.1,11575.5,0.889,-1.0,-1.0,-1.0,-1.0,-1.0,-1.0,
binding-focused-mask-compute-without-fresh-mutable,compute,wgpu,static-frozen-root,1024,11.4,11.3,1.009,4303.2,4252.8,4395.1,135.4,131.4,139.6,31.781,1350.3,848.0,1.592,1604.3,1330.5,1.206,381.6,18.6,20.516,7757.2,7596.9,7878.9,2350.8,2343.7,2380.4,3.3,10288.7,3977.6,2.587,-1.0,-1.0,-1.0,-1.0,-1.0,-1.0,
binding-focused-mask-compute-without-fresh-mutable,compute,wgpu,static-mutable,1024,11.4,12.2,0.934,4778.2,4772.8,4881.3,5177.1,5080.0,5264.7,0.923,1368.9,1372.9,0.997,1601.4,1553.8,1.031,384.8,383.4,1.004,8167.1,8091.5,8184.1,8542.2,8485.5,8582.9,0.956,10560.5,10994.7,0.961,-1.0,-1.0,-1.0,-1.0,-1.0,-1.0,
binding-focused-mask-compute-without-fresh-mutable,compute,wgpu,swap-frozen-blocks,1024,11.4,12.0,0.95,4945.8,4823.2,5115.2,3727.1,2982.1,3768.6,1.327,1363.6,1414.8,0.964,1608.5,1626.2,0.989,384.2,146.0,2.632,8415.4,8169.5,8447.2,6980.6,6218.8,6996.3,1.206,10905.3,9367.0,1.164,-1.0,-1.0,-1.0,-1.0,-1.0,-1.0,
binding-focused-mask-compute-without-fresh-mutable,compute,wgpu,swap-mutable-blocks,1024,11.6,11.5,1.009,5352.1,5290.5,5366.8,5704.9,5581.4,6008.5,0.938,1368.2,1365.9,1.002,1597.3,1571.8,1.016,385.0,384.9,1.0,8654.9,8635.6,8659.8,9058.3,8860.4,9317.0,0.955,11020.5,11650.7,0.946,-1.0,-1.0,-1.0,-1.0,-1.0,-1.0,
binding-focused-mask-graphics-all-modes,graphics,wgpu,bulk-root-two-frozen-blocks,1024,6.5,6.2,1.048,4775.1,4737.0,6040.3,2960.4,2936.0,3102.9,1.613,714.2,725.6,0.984,772.8,209.2,3.694,379.9,168.3,2.257,6653.2,6576.4,7934.5,4065.3,4041.5,4259.1,1.637,6658.1,4191.2,1.589,-1.0,-1.0,-1.0,-1.0,-1.0,-1.0,
binding-focused-mask-graphics-all-modes,graphics,wgpu,fresh-frozen-blocks,1024,6.4,6.2,1.032,12104.7,11049.1,12349.7,24592.9,24299.2,26754.7,0.492,717.7,973.4,0.737,753.1,1116.1,0.675,390.5,3015.4,0.13,13914.3,12902.8,14209.7,29561.4,29301.0,31780.8,0.471,13918.9,29568.2,0.471,-1.0,-1.0,-1.0,-1.0,-1.0,-1.0,
binding-focused-mask-graphics-all-modes,graphics,wgpu,fresh-mutable-blocks,1024,6.8,6.2,1.097,11125.5,10997.7,12523.9,11399.2,11318.8,12496.5,0.976,717.0,729.3,0.983,765.1,734.1,1.042,387.6,388.4,0.998,12973.0,12859.2,14442.2,13239.6,13174.9,14381.8,0.98,12977.9,13244.3,0.98,-1.0,-1.0,-1.0,-1.0,-1.0,-1.0,
binding-focused-mask-graphics-all-modes,graphics,wgpu,mutate-blocks,1024,6.3,6.2,1.016,9501.3,8756.2,9938.9,8916.9,8837.0,10355.1,1.066,718.4,731.6,0.982,761.3,736.2,1.034,386.2,390.2,0.99,11337.9,10628.5,11936.9,10803.6,10715.4,12294.8,1.049,11342.8,10808.7,1.049,-1.0,-1.0,-1.0,-1.0,-1.0,-1.0,
binding-focused-mask-graphics-all-modes,graphics,wgpu,root-mutable-blocks,1024,6.3,6.2,1.016,5217.1,4592.6,5713.3,4744.7,4577.8,5857.9,1.1,722.8,727.7,0.993,737.7,287.2,2.569,385.3,387.4,0.995,7093.9,6451.3,7599.2,6144.4,5996.1,7261.4,1.155,7098.8,6365.9,1.115,-1.0,-1.0,-1.0,-1.0,-1.0,-1.0,
binding-focused-mask-graphics-all-modes,graphics,wgpu,root-one-frozen-block,1024,6.4,6.1,1.049,4884.2,4593.4,5787.2,3857.0,3826.4,5115.0,1.266,712.1,724.8,0.982,732.9,670.2,1.094,386.3,284.3,1.359,6849.9,6454.6,7621.6,5535.3,5502.1,6791.3,1.237,6854.8,5539.9,1.237,-1.0,-1.0,-1.0,-1.0,-1.0,-1.0,
binding-focused-mask-graphics-all-modes,graphics,wgpu,root-two-frozen-blocks,1024,6.6,6.2,1.065,4737.6,4577.3,5725.2,2723.8,2695.8,2790.4,1.739,723.5,724.6,0.998,758.6,625.7,1.212,390.9,166.8,2.344,6657.1,6412.8,7640.3,4253.2,4221.3,4367.0,1.565,6662.6,4257.8,1.565,-1.0,-1.0,-1.0,-1.0,-1.0,-1.0,
binding-focused-mask-graphics-all-modes,graphics,wgpu,rotate-frozen-roots,1024,6.8,6.4,1.062,5209.7,4461.9,5758.1,372.3,350.6,390.2,13.993,712.8,761.4,0.936,734.6,635.0,1.157,388.9,61.9,6.283,7007.7,6280.7,7707.5,1858.8,1793.8,1894.1,3.77,7012.5,1863.0,3.764,-1.0,-1.0,-1.0,-1.0,-1.0,-1.0,
binding-focused-mask-graphics-all-modes,graphics,wgpu,rotate-mutable-roots,1024,6.5,6.5,1.0,4493.1,4423.4,5735.7,4991.4,4931.5,6146.2,0.9,726.0,749.9,0.968,731.1,1764.5,0.414,385.5,409.9,0.94,6380.3,6273.6,7597.3,7920.8,7868.0,9102.1,0.806,6385.4,7926.5,0.806,-1.0,-1.0,-1.0,-1.0,-1.0,-1.0,
binding-focused-mask-graphics-all-modes,graphics,wgpu,static-frozen-root,1024,6.5,6.3,1.032,4380.1,4257.6,5577.5,301.7,286.7,329.8,14.518,711.3,118.3,6.013,724.7,467.9,1.549,381.8,60.6,6.3,6221.3,6102.1,7457.8,958.4,907.8,1004.0,6.491,6226.0,962.7,6.467,-1.0,-1.0,-1.0,-1.0,-1.0,-1.0,
binding-focused-mask-graphics-all-modes,graphics,wgpu,static-mutable,1024,6.2,6.2,1.0,5162.6,4363.3,5554.6,4589.4,4473.3,5838.0,1.125,713.8,722.9,0.987,747.0,756.2,0.988,389.6,390.6,0.997,6995.4,6208.8,7436.8,6486.0,6369.2,8069.8,1.079,7001.3,6490.6,1.079,-1.0,-1.0,-1.0,-1.0,-1.0,-1.0,
binding-focused-mask-graphics-all-modes,graphics,wgpu,swap-frozen-blocks,1024,6.3,6.3,1.0,5558.0,4911.9,6050.0,3173.6,3153.0,3189.5,1.751,713.9,731.3,0.976,735.4,695.1,1.058,390.0,175.1,2.227,7447.9,6742.4,7957.7,4796.4,4752.6,4840.4,1.553,7453.2,4800.9,1.552,-1.0,-1.0,-1.0,-1.0,-1.0,-1.0,
binding-focused-mask-graphics-all-modes,graphics,wgpu,swap-mutable-blocks,1024,6.2,6.4,0.969,4931.9,4897.2,6088.7,5172.7,5116.8,6387.9,0.953,717.0,732.4,0.979,725.2,764.2,0.949,383.2,390.9,0.98,6751.8,6693.9,7953.2,7091.8,6942.4,8311.1,0.952,6756.7,7096.6,0.952,-1.0,-1.0,-1.0,-1.0,-1.0,-1.0,
binding-focused-mask-graphics-isolated,graphics,wgpu,rotate-mutable-roots,1024,6.4,6.4,1.0,4501.5,4406.7,5625.3,4609.1,4575.8,5222.9,0.977,717.3,733.7,0.978,764.5,747.0,1.023,388.8,393.4,0.988,6358.8,6327.1,7562.0,6494.3,6452.0,7135.4,0.979,6363.8,6500.1,0.979,-1.0,-1.0,-1.0,-1.0,-1.0,-1.0,
binding-focused-mask-graphics-reused-only,graphics,wgpu,bulk-root-two-frozen-blocks,1024,6.8,6.5,1.046,4789.4,4741.8,4869.1,2936.2,2903.4,2957.2,1.631,709.7,731.2,0.971,761.8,201.4,3.783,392.3,170.4,2.302,6692.7,6607.8,6727.0,4032.3,3981.8,4067.7,1.66,6699.8,4163.5,1.609,-1.0,-1.0,-1.0,-1.0,-1.0,-1.0,
binding-focused-mask-graphics-reused-only,graphics,wgpu,mutate-blocks,1024,6.5,6.4,1.016,8751.3,8708.9,8801.6,8955.0,8919.5,9140.6,0.977,711.6,739.2,0.963,748.7,756.1,0.99,391.9,394.0,0.995,10624.5,10588.5,10698.3,10874.2,10808.2,11206.0,0.977,10629.3,10879.1,0.977,-1.0,-1.0,-1.0,-1.0,-1.0,-1.0,
binding-focused-mask-graphics-reused-only,graphics,wgpu,root-mutable-blocks,1024,6.6,6.3,1.048,4556.5,4536.6,4588.3,4701.0,4638.8,4828.3,0.969,713.0,724.8,0.984,742.4,303.0,2.45,390.5,388.3,1.006,6417.6,6392.9,6464.6,6127.1,6069.4,6313.3,1.047,6422.8,6434.5,0.998,-1.0,-1.0,-1.0,-1.0,-1.0,-1.0,
binding-focused-mask-graphics-reused-only,graphics,wgpu,root-one-frozen-block,1024,6.7,6.3,1.063,4560.1,4533.4,4565.7,3909.8,3849.9,4009.6,1.166,709.0,731.4,0.969,744.1,693.7,1.073,392.5,284.4,1.38,6434.1,6391.7,6513.6,5657.5,5553.9,5756.2,1.137,6438.7,5662.1,1.137,-1.0,-1.0,-1.0,-1.0,-1.0,-1.0,
binding-focused-mask-graphics-reused-only,graphics,wgpu,root-two-frozen-blocks,1024,6.5,6.6,0.985,4559.1,4511.9,4608.0,2740.7,2727.0,2771.9,1.663,715.8,725.2,0.987,751.6,636.3,1.181,394.0,170.9,2.305,6402.8,6355.3,6490.7,4293.5,4256.3,4355.5,1.491,6408.5,4297.9,1.491,-1.0,-1.0,-1.0,-1.0,-1.0,-1.0,
binding-focused-mask-graphics-reused-only,graphics,wgpu,rotate-frozen-roots,1024,6.9,6.4,1.078,4476.4,4429.9,4500.9,368.5,360.6,399.5,12.148,714.9,760.3,0.94,730.8,646.0,1.131,391.6,67.9,5.767,6338.5,6285.1,6368.9,1836.4,1819.3,1870.0,3.452,6343.4,1842.3,3.443,-1.0,-1.0,-1.0,-1.0,-1.0,-1.0,
binding-focused-mask-graphics-reused-only,graphics,wgpu,rotate-mutable-roots,1024,6.6,6.2,1.065,4498.2,4451.4,4510.6,4589.5,4561.4,4668.8,0.98,711.1,732.1,0.971,731.6,743.4,0.984,392.0,391.6,1.001,6331.4,6296.2,6367.3,6501.8,6434.0,6585.5,0.974,6336.3,6506.2,0.974,-1.0,-1.0,-1.0,-1.0,-1.0,-1.0,
binding-focused-mask-graphics-reused-only,graphics,wgpu,static-frozen-root,1024,6.4,6.2,1.032,4340.9,4306.3,4402.2,304.0,288.7,308.3,14.279,709.4,118.5,5.986,745.4,489.6,1.522,392.1,63.7,6.155,6166.6,6095.5,6253.9,972.1,965.4,1004.6,6.344,6171.1,976.5,6.32,-1.0,-1.0,-1.0,-1.0,-1.0,-1.0,
binding-focused-mask-graphics-reused-only,graphics,wgpu,static-mutable,1024,6.8,6.7,1.015,4327.3,4321.3,4364.9,4586.0,4521.3,4588.4,0.944,714.1,728.8,0.98,745.1,764.4,0.975,390.9,389.5,1.004,6188.8,6167.7,6258.0,6465.5,6397.0,6491.4,0.957,6193.5,6470.0,0.957,-1.0,-1.0,-1.0,-1.0,-1.0,-1.0,
binding-focused-mask-graphics-reused-only,graphics,wgpu,swap-frozen-blocks,1024,6.5,6.3,1.032,4842.9,4818.2,4889.6,3209.8,3187.8,3274.0,1.509,707.9,738.7,0.958,734.1,718.3,1.022,391.1,177.4,2.205,6716.2,6658.2,6769.0,4851.2,4818.0,4962.5,1.384,6720.9,4868.6,1.38,-1.0,-1.0,-1.0,-1.0,-1.0,-1.0,
binding-focused-mask-graphics-reused-only,graphics,wgpu,swap-mutable-blocks,1024,6.7,6.4,1.047,4881.6,4835.1,4953.1,5209.5,5113.5,5308.6,0.937,712.6,730.2,0.976,744.6,791.3,0.941,389.7,394.0,0.989,6732.9,6713.9,6855.0,7195.4,6998.5,7292.4,0.936,6738.1,7200.4,0.936,-1.0,-1.0,-1.0,-1.0,-1.0,-1.0,
binding-focused-mask-graphics-without-fresh-finalized,graphics,wgpu,bulk-root-two-frozen-blocks,1024,6.2,6.2,1.0,4775.0,4768.9,4810.1,2954.3,2935.1,3001.2,1.616,708.2,732.2,0.967,761.8,200.8,3.794,381.3,167.9,2.271,6618.0,6602.2,6691.5,4060.3,4053.7,4120.0,1.63,6623.7,4178.0,1.585,-1.0,-1.0,-1.0,-1.0,-1.0,-1.0,
binding-focused-mask-graphics-without-fresh-finalized,graphics,wgpu,fresh-mutable-blocks,1024,6.6,6.3,1.048,11049.9,10958.5,11069.2,12516.3,11446.8,12730.3,0.883,716.3,734.4,0.975,759.4,764.4,0.993,387.0,395.7,0.978,12977.3,12782.6,13001.0,14456.5,13410.9,14629.2,0.898,12982.5,14462.7,0.898,-1.0,-1.0,-1.0,-1.0,-1.0,-1.0,
binding-focused-mask-graphics-without-fresh-finalized,graphics,wgpu,mutate-blocks,1024,6.2,6.3,0.984,8758.5,8729.1,8784.1,10078.2,8902.8,10091.3,0.869,719.1,722.4,0.995,744.3,750.7,0.991,385.3,388.4,0.992,10607.3,10603.1,10610.0,11945.2,10799.8,11973.5,0.888,10612.2,11950.4,0.888,-1.0,-1.0,-1.0,-1.0,-1.0,-1.0,
binding-focused-mask-graphics-without-fresh-finalized,graphics,wgpu,root-mutable-blocks,1024,6.1,6.6,0.924,4569.9,4552.9,4573.5,5821.8,4763.8,6039.4,0.785,708.9,719.9,0.985,740.0,295.9,2.501,382.8,386.7,0.99,6420.7,6406.5,6427.8,7320.1,6226.5,7439.4,0.877,6426.4,7572.0,0.849,-1.0,-1.0,-1.0,-1.0,-1.0,-1.0,
binding-focused-mask-graphics-without-fresh-finalized,graphics,wgpu,root-one-frozen-block,1024,6.1,6.2,0.984,4541.7,4533.7,4554.6,3866.5,3854.9,3867.3,1.175,708.9,725.6,0.977,736.4,691.6,1.065,378.8,275.9,1.373,6364.6,6363.3,6373.6,5555.2,5544.4,5580.8,1.146,6369.3,5559.7,1.146,-1.0,-1.0,-1.0,-1.0,-1.0,-1.0,
binding-focused-mask-graphics-without-fresh-finalized,graphics,wgpu,root-two-frozen-blocks,1024,6.2,6.4,0.969,4560.4,4550.3,4597.8,2761.2,2755.5,2829.1,1.652,709.5,726.1,0.977,734.8,640.8,1.147,383.5,165.2,2.321,6383.9,6372.9,6459.3,4328.0,4272.8,4335.4,1.475,6388.6,4332.7,1.475,-1.0,-1.0,-1.0,-1.0,-1.0,-1.0,
binding-focused-mask-graphics-without-fresh-finalized,graphics,wgpu,rotate-frozen-roots,1024,6.3,6.3,1.0,4506.2,4498.8,4528.8,379.4,369.6,391.3,11.877,716.2,751.9,0.953,749.4,636.7,1.177,379.1,61.5,6.164,6341.6,6338.9,6376.9,1852.6,1827.4,1858.2,3.423,6346.3,1856.9,3.418,-1.0,-1.0,-1.0,-1.0,-1.0,-1.0,
binding-focused-mask-graphics-without-fresh-finalized,graphics,wgpu,rotate-mutable-roots,1024,6.4,6.3,1.016,4602.9,4571.5,4715.5,6002.1,4871.4,6004.8,0.767,712.7,731.2,0.975,750.6,801.5,0.936,387.6,391.6,0.99,6450.9,6447.3,6588.4,7926.4,6844.0,7969.7,0.814,6455.5,7931.1,0.814,-1.0,-1.0,-1.0,-1.0,-1.0,-1.0,
binding-focused-mask-graphics-without-fresh-finalized,graphics,wgpu,static-frozen-root,1024,6.2,7.0,0.886,4287.5,4262.1,4382.4,319.1,277.6,340.4,13.436,707.2,119.0,5.943,736.5,485.4,1.517,378.7,60.9,6.218,6101.3,6091.8,6299.7,987.8,944.7,1007.4,6.177,6105.7,992.2,6.154,-1.0,-1.0,-1.0,-1.0,-1.0,-1.0,
binding-focused-mask-graphics-without-fresh-finalized,graphics,wgpu,static-mutable,1024,6.3,6.2,1.016,4317.4,4272.4,4350.5,5754.6,4494.7,5797.5,0.75,707.0,717.4,0.986,733.9,782.8,0.938,383.0,391.8,0.978,6154.3,6090.7,6188.5,7643.5,6481.2,7671.3,0.805,6159.1,7648.0,0.805,-1.0,-1.0,-1.0,-1.0,-1.0,-1.0,
binding-focused-mask-graphics-without-fresh-finalized,graphics,wgpu,swap-frozen-blocks,1024,6.3,6.2,1.016,4882.3,4821.2,4971.0,3217.2,3179.3,3219.3,1.518,717.5,732.9,0.979,751.6,699.9,1.074,385.4,172.6,2.233,6733.6,6684.7,6848.3,4878.3,4800.2,4882.6,1.38,6739.0,4882.9,1.38,-1.0,-1.0,-1.0,-1.0,-1.0,-1.0,
binding-focused-mask-graphics-without-fresh-finalized,graphics,wgpu,swap-mutable-blocks,1024,6.2,6.2,1.0,4894.6,4870.2,4941.9,6441.6,5172.9,6459.0,0.76,708.8,722.7,0.981,730.8,783.7,0.932,381.8,392.0,0.974,6713.3,6686.2,6776.6,8300.8,7073.2,8406.8,0.809,6717.8,8305.4,0.809,-1.0,-1.0,-1.0,-1.0,-1.0,-1.0,
binding-focused-mask-graphics-without-fresh-mutable,graphics,wgpu,bulk-root-two-frozen-blocks,1024,6.4,6.2,1.032,4771.5,4770.3,4902.4,2964.2,2933.2,2969.2,1.61,708.9,722.3,0.981,753.3,208.0,3.622,384.4,170.7,2.252,6627.5,6620.3,6722.5,4070.3,4059.4,4121.1,1.628,6632.5,4211.2,1.575,-1.0,-1.0,-1.0,-1.0,-1.0,-1.0,
binding-focused-mask-graphics-without-fresh-mutable,graphics,wgpu,fresh-frozen-blocks,1024,6.5,6.3,1.032,11108.1,11024.0,11371.8,24200.2,24113.0,24386.7,0.459,713.3,991.5,0.719,744.4,1054.7,0.706,390.4,2984.3,0.131,13003.7,12884.2,13206.6,29223.3,29044.0,29472.1,0.445,13008.3,29229.1,0.445,-1.0,-1.0,-1.0,-1.0,-1.0,-1.0,
binding-focused-mask-graphics-without-fresh-mutable,graphics,wgpu,mutate-blocks,1024,6.6,6.3,1.048,8802.7,8742.3,8841.8,8932.0,8916.8,9021.3,0.986,717.1,737.7,0.972,733.9,744.4,0.986,379.1,395.1,0.96,10652.9,10603.4,10789.7,10862.4,10725.6,10876.0,0.981,10658.0,10867.5,0.981,-1.0,-1.0,-1.0,-1.0,-1.0,-1.0,
binding-focused-mask-graphics-without-fresh-mutable,graphics,wgpu,root-mutable-blocks,1024,6.5,6.4,1.016,4565.2,4543.0,5004.3,4672.8,4642.9,4725.0,0.977,711.4,730.4,0.974,748.7,288.6,2.594,376.7,392.3,0.96,6424.7,6385.9,6827.3,6141.9,6118.4,6168.4,1.046,6429.9,6382.6,1.007,-1.0,-1.0,-1.0,-1.0,-1.0,-1.0,
binding-focused-mask-graphics-without-fresh-mutable,graphics,wgpu,root-one-frozen-block,1024,6.2,6.1,1.016,4736.0,4588.8,4826.0,3902.0,3855.0,3916.9,1.214,719.6,722.6,0.996,742.0,690.0,1.075,377.1,274.0,1.376,6705.5,6393.3,6975.0,5606.0,5577.8,5665.7,1.196,6710.9,5610.7,1.196,-1.0,-1.0,-1.0,-1.0,-1.0,-1.0,
binding-focused-mask-graphics-without-fresh-mutable,graphics,wgpu,root-two-frozen-blocks,1024,6.4,6.2,1.032,4592.6,4538.5,5243.2,2742.9,2733.0,2760.3,1.674,706.9,718.7,0.984,738.2,667.6,1.106,384.4,169.9,2.263,6434.7,6332.4,7065.6,4302.9,4285.1,4377.8,1.495,6439.8,4307.6,1.495,-1.0,-1.0,-1.0,-1.0,-1.0,-1.0,
binding-focused-mask-graphics-without-fresh-mutable,graphics,wgpu,rotate-frozen-roots,1024,6.3,6.3,1.0,4561.8,4439.6,4980.3,369.1,365.7,387.1,12.359,717.7,765.3,0.938,737.2,616.2,1.196,386.2,64.6,5.978,6445.4,6284.3,6803.1,1828.4,1810.4,1871.7,3.525,6451.2,1832.6,3.52,-1.0,-1.0,-1.0,-1.0,-1.0,-1.0,
binding-focused-mask-graphics-without-fresh-mutable,graphics,wgpu,rotate-mutable-roots,1024,6.6,6.4,1.031,4523.2,4486.2,4612.8,4949.7,4868.3,5064.5,0.914,710.4,742.1,0.957,736.9,1732.8,0.425,387.5,408.7,0.948,6346.5,6313.4,6444.3,7827.7,7768.3,8072.9,0.811,6351.3,7832.8,0.811,-1.0,-1.0,-1.0,-1.0,-1.0,-1.0,
binding-focused-mask-graphics-without-fresh-mutable,graphics,wgpu,static-frozen-root,1024,6.6,6.4,1.031,4336.4,4332.8,4371.3,306.4,293.2,309.1,14.153,714.6,118.6,6.025,747.3,454.9,1.643,384.4,61.9,6.21,6184.3,6148.7,6233.3,942.8,934.7,965.6,6.56,6188.8,947.3,6.533,-1.0,-1.0,-1.0,-1.0,-1.0,-1.0,
binding-focused-mask-graphics-without-fresh-mutable,graphics,wgpu,static-mutable,1024,6.4,6.2,1.032,4358.1,4289.1,4770.1,4584.9,4544.6,4600.0,0.951,712.1,736.8,0.966,739.7,785.3,0.942,395.5,397.2,0.996,6213.9,6102.1,6575.5,6501.0,6422.0,6520.0,0.956,6218.8,6506.6,0.956,-1.0,-1.0,-1.0,-1.0,-1.0,-1.0,
binding-focused-mask-graphics-without-fresh-mutable,graphics,wgpu,swap-frozen-blocks,1024,6.5,6.2,1.048,4950.8,4900.0,4972.9,3187.6,3182.6,3189.1,1.553,707.3,747.2,0.947,730.2,718.8,1.016,386.2,176.6,2.187,6777.6,6724.3,6789.0,4813.5,4808.4,4832.3,1.408,6782.5,4818.1,1.408,-1.0,-1.0,-1.0,-1.0,-1.0,-1.0,
binding-focused-mask-graphics-without-fresh-mutable,graphics,wgpu,swap-mutable-blocks,1024,6.2,6.2,1.0,4958.7,4871.5,5614.6,5136.0,5115.4,5200.0,0.965,717.3,726.6,0.987,749.8,769.1,0.975,389.3,395.3,0.985,6826.7,6713.1,7432.3,6995.9,6980.5,7152.8,0.976,6831.7,7000.7,0.976,-1.0,-1.0,-1.0,-1.0,-1.0,-1.0,
binding-focused-wgpu-mixed-compute,compute,wgpu,bulk-root-two-frozen-blocks,1024,12.3,11.4,1.079,5899.3,4642.7,6109.6,3015.6,2935.8,3127.8,1.956,1363.3,1418.6,0.961,1619.9,1119.7,1.447,388.1,142.1,2.731,9217.3,7905.8,9599.9,5745.1,5622.6,5874.5,1.604,11677.7,8043.5,1.452,-1.0,-1.0,-1.0,-1.0,-1.0,-1.0,
binding-focused-wgpu-mixed-compute,compute,wgpu,fresh-frozen-blocks,1024,12.9,12.2,1.057,12784.4,11508.9,13478.2,24286.9,24062.5,25572.5,0.526,1365.1,1647.1,0.829,1642.4,2191.5,0.749,390.3,3152.2,0.124,16165.5,14897.5,17016.1,31446.6,31252.6,32851.1,0.514,18650.8,33964.6,0.549,-1.0,-1.0,-1.0,-1.0,-1.0,-1.0,
binding-focused-wgpu-mixed-compute,compute,wgpu,fresh-mutable-blocks,1024,12.3,12.0,1.025,11981.2,10870.7,12781.0,13087.2,11903.1,13216.7,0.915,1367.8,1391.7,0.983,1620.1,1611.7,1.005,386.1,385.8,1.001,15377.2,14225.6,16278.0,16550.2,15348.6,16700.4,0.929,17880.9,18992.3,0.941,-1.0,-1.0,-1.0,-1.0,-1.0,-1.0,
binding-focused-wgpu-mixed-compute,compute,wgpu,mutate-blocks,1024,12.7,11.6,1.095,10431.6,9244.5,11020.8,10432.1,9572.9,10706.7,1.0,1372.7,1396.7,0.983,1613.2,1629.4,0.99,388.7,384.4,1.011,13815.9,12642.6,14532.5,13863.1,12937.6,14098.9,0.997,16336.4,16323.1,1.001,-1.0,-1.0,-1.0,-1.0,-1.0,-1.0,
binding-focused-wgpu-mixed-compute,compute,wgpu,root-mutable-blocks,1024,12.1,11.1,1.09,6172.1,4875.7,6559.6,5822.6,4636.2,5849.7,1.06,1352.4,1363.4,0.992,1587.0,1232.5,1.288,387.2,386.3,1.002,9493.4,8179.7,9984.7,8824.5,7629.6,8868.8,1.076,11877.7,11708.0,1.014,-1.0,-1.0,-1.0,-1.0,-1.0,-1.0,
binding-focused-wgpu-mixed-compute,compute,wgpu,root-one-frozen-block,1024,12.4,12.0,1.033,5973.0,4714.8,6484.9,4512.5,4429.8,4762.4,1.324,1352.3,1419.4,0.953,1587.6,1559.3,1.018,387.6,272.3,1.423,9357.8,7973.4,9978.5,7745.3,7636.2,8292.7,1.208,11743.3,10051.0,1.168,-1.0,-1.0,-1.0,-1.0,-1.0,-1.0,
binding-focused-wgpu-mixed-compute,compute,wgpu,root-two-frozen-blocks,1024,12.0,11.6,1.034,5774.2,4588.8,5906.0,2729.2,2688.2,2833.3,2.116,1376.7,1426.7,0.965,1610.4,1525.6,1.056,386.4,137.4,2.812,9093.2,8001.6,9424.1,5810.2,5798.9,6085.3,1.565,11477.6,7880.7,1.456,-1.0,-1.0,-1.0,-1.0,-1.0,-1.0,
binding-focused-wgpu-mixed-compute,compute,wgpu,rotate-frozen-roots,1024,12.4,13.8,0.899,6149.2,4775.7,6631.5,185.4,178.1,204.9,33.167,1359.9,1500.4,0.906,1572.5,1603.6,0.981,390.5,20.9,18.684,9506.9,8130.9,10105.0,3341.3,3264.5,3440.4,2.845,11818.2,5678.6,2.081,-1.0,-1.0,-1.0,-1.0,-1.0,-1.0,
binding-focused-wgpu-mixed-compute,compute,wgpu,rotate-mutable-roots,1024,12.2,14.5,0.841,5527.7,4317.9,5731.8,6646.5,5499.1,6778.8,0.832,1365.5,1498.3,0.911,1592.1,2714.1,0.587,385.8,371.1,1.04,8863.1,7643.3,9212.5,11169.3,9935.3,11350.8,0.794,11393.6,12620.6,0.903,-1.0,-1.0,-1.0,-1.0,-1.0,-1.0,
binding-focused-wgpu-mixed-compute,compute,wgpu,static-frozen-root,1024,12.3,12.1,1.017,5366.6,4185.0,5778.0,145.3,142.2,153.3,36.935,1367.1,861.4,1.587,1595.7,1329.3,1.2,385.7,18.0,21.428,8744.3,7481.0,9299.5,2365.8,2358.0,2436.7,3.696,11590.9,4007.6,2.892,-1.0,-1.0,-1.0,-1.0,-1.0,-1.0,
binding-focused-wgpu-mixed-compute,compute,wgpu,static-mutable,1024,12.0,12.0,1.0,6149.9,4920.9,6431.7,6341.4,5184.5,6572.3,0.97,1383.5,1393.0,0.993,1609.1,1652.1,0.974,389.2,386.7,1.006,9583.3,8242.1,9945.6,9723.7,8633.9,10110.1,0.986,12075.9,12272.1,0.984,-1.0,-1.0,-1.0,-1.0,-1.0,-1.0,
binding-focused-wgpu-mixed-compute,compute,wgpu,swap-frozen-blocks,1024,12.6,12.5,1.008,6586.6,5322.0,7056.9,3218.3,3172.5,3411.1,2.047,1359.7,1433.7,0.948,1603.4,1640.8,0.977,387.5,148.2,2.615,9931.3,8627.9,10517.8,6563.5,6460.5,6889.6,1.513,12639.5,8925.7,1.416,-1.0,-1.0,-1.0,-1.0,-1.0,-1.0,
binding-focused-wgpu-mixed-compute,compute,wgpu,swap-mutable-blocks,1024,12.8,12.7,1.008,5934.6,4770.5,6418.7,6844.3,5646.0,6933.3,0.867,1373.4,1393.1,0.986,1599.7,1630.8,0.981,387.1,387.0,1.0,9267.7,8033.1,10072.5,10185.2,8963.8,10420.8,0.91,11817.7,12516.3,0.944,-1.0,-1.0,-1.0,-1.0,-1.0,-1.0,
binding-focused-wgpu-mixed-graphics,graphics,wgpu,bulk-root-two-frozen-blocks,1024,6.5,6.5,1.0,4843.8,4764.2,6039.2,2972.2,2945.8,3006.1,1.63,724.8,724.9,1.0,766.2,216.6,3.537,385.0,174.0,2.213,6709.0,6659.5,7929.2,4098.1,4036.4,4133.9,1.637,6713.8,4214.3,1.593,-1.0,-1.0,-1.0,-1.0,-1.0,-1.0,
binding-focused-wgpu-mixed-graphics,graphics,wgpu,fresh-frozen-blocks,1024,6.4,6.4,1.0,11814.3,11016.4,12988.5,24901.1,24179.6,26603.7,0.474,718.3,977.8,0.735,765.0,1129.9,0.677,390.7,3033.0,0.129,13696.3,12918.8,14828.8,30310.4,29121.9,31534.6,0.452,13701.1,30316.0,0.452,-1.0,-1.0,-1.0,-1.0,-1.0,-1.0,
binding-focused-wgpu-mixed-graphics,graphics,wgpu,fresh-mutable-blocks,1024,6.8,6.4,1.062,11092.7,11014.5,12383.8,11814.7,11458.4,12604.6,0.939,728.6,728.5,1.0,768.5,729.0,1.054,391.2,390.9,1.001,13095.4,12907.8,14260.6,13727.8,13310.5,14496.8,0.954,13102.6,13732.8,0.954,-1.0,-1.0,-1.0,-1.0,-1.0,-1.0,
binding-focused-wgpu-mixed-graphics,graphics,wgpu,mutate-blocks,1024,6.4,6.5,0.985,9482.2,8709.7,10536.7,9156.8,9012.7,10182.4,1.036,730.6,721.6,1.012,765.5,730.3,1.048,392.8,399.7,0.983,11347.8,10616.3,12431.9,11110.2,10898.4,12031.2,1.021,11352.4,11115.3,1.021,-1.0,-1.0,-1.0,-1.0,-1.0,-1.0,
binding-focused-wgpu-mixed-graphics,graphics,wgpu,root-mutable-blocks,1024,6.5,6.2,1.048,5256.4,4556.1,6356.5,4754.6,4732.2,5848.7,1.106,713.4,720.3,0.99,723.8,287.4,2.518,388.1,389.6,0.996,7062.0,6387.4,8182.6,6183.4,6147.7,7234.1,1.142,7067.5,6435.1,1.098,-1.0,-1.0,-1.0,-1.0,-1.0,-1.0,
binding-focused-wgpu-mixed-graphics,graphics,wgpu,root-one-frozen-block,1024,6.3,6.2,1.016,4604.4,4551.2,5793.4,3942.8,3806.1,5103.2,1.168,719.7,721.7,0.997,742.6,690.4,1.076,390.2,280.3,1.392,6492.9,6387.1,7741.5,5656.8,5472.2,6830.3,1.148,6499.1,5661.7,1.148,-1.0,-1.0,-1.0,-1.0,-1.0,-1.0,
binding-focused-wgpu-mixed-graphics,graphics,wgpu,root-two-frozen-blocks,1024,6.5,6.2,1.048,5019.7,4565.2,5897.4,2745.9,2726.8,2774.9,1.828,714.7,717.0,0.997,743.6,634.0,1.173,381.4,168.3,2.266,6999.2,6408.0,7719.5,4294.3,4224.6,4304.9,1.63,7005.5,4298.6,1.63,-1.0,-1.0,-1.0,-1.0,-1.0,-1.0,
binding-focused-wgpu-mixed-graphics,graphics,wgpu,rotate-frozen-roots,1024,6.3,6.8,0.926,5211.0,4569.0,6383.9,359.7,351.0,365.8,14.487,730.7,762.2,0.959,727.0,631.9,1.15,394.9,64.6,6.113,7010.5,6389.0,8206.4,1828.1,1814.8,1849.9,3.835,7015.3,1832.5,3.828,-1.0,-1.0,-1.0,-1.0,-1.0,-1.0,
binding-focused-wgpu-mixed-graphics,graphics,wgpu,rotate-mutable-roots,1024,6.4,6.7,0.955,4564.4,4521.4,5728.4,5037.6,4942.3,6174.3,0.906,718.2,737.9,0.973,727.4,1763.5,0.412,384.1,416.7,0.922,6461.6,6408.0,7620.3,8112.2,7832.9,9074.3,0.797,6466.2,8118.9,0.796,-1.0,-1.0,-1.0,-1.0,-1.0,-1.0,
binding-focused-wgpu-mixed-graphics,graphics,wgpu,static-frozen-root,1024,6.3,6.3,1.0,4364.5,4297.6,5552.4,305.4,282.5,326.3,14.291,717.4,117.7,6.095,729.1,470.9,1.548,394.7,62.3,6.335,6170.8,6136.1,7420.6,969.4,938.8,1024.0,6.366,6175.4,974.8,6.335,-1.0,-1.0,-1.0,-1.0,-1.0,-1.0,
binding-focused-wgpu-mixed-graphics,graphics,wgpu,static-mutable,1024,6.3,6.2,1.016,5113.6,4330.3,6228.0,4625.8,4601.4,5758.3,1.105,716.7,719.8,0.996,741.0,755.6,0.981,385.2,393.6,0.979,6922.6,6163.5,8095.3,6521.5,6483.0,7619.7,1.062,6927.1,6526.1,1.061,-1.0,-1.0,-1.0,-1.0,-1.0,-1.0,
binding-focused-wgpu-mixed-graphics,graphics,wgpu,swap-frozen-blocks,1024,6.4,6.4,1.0,5814.9,4897.9,6822.9,3206.4,3173.8,3243.1,1.814,724.2,738.1,0.981,737.9,698.0,1.057,392.9,180.5,2.177,7630.5,6762.5,8682.7,4816.6,4783.7,4983.8,1.584,7635.3,4821.3,1.584,-1.0,-1.0,-1.0,-1.0,-1.0,-1.0,
binding-focused-wgpu-mixed-graphics,graphics,wgpu,swap-mutable-blocks,1024,6.5,6.7,0.97,5011.1,4949.6,6125.5,5289.3,5187.7,6396.4,0.947,716.7,720.9,0.994,723.0,740.7,0.976,387.0,400.8,0.966,6904.7,6801.2,7956.3,7237.9,7067.5,8288.1,0.954,6909.5,7243.4,0.954,-1.0,-1.0,-1.0,-1.0,-1.0,-1.0,
binding-focused-wgpu-mutate-bulk,compute,wgpu,mutate-blocks,1024,11.6,11.5,1.009,9243.7,9223.3,9327.7,9488.7,9373.9,9713.1,0.974,1398.8,1390.1,1.006,1644.8,1605.6,1.024,388.2,388.7,0.999,12644.5,12593.5,12800.4,12797.2,12796.4,13119.3,0.988,15192.2,15616.2,0.973,-1.0,-1.0,-1.0,-1.0,-1.0,-1.0,
binding-focused-wgpu-mutate-bulk,compute,wgpu,bulk-root-two-frozen-blocks,1024,12.0,11.6,1.034,5291.5,5202.0,5475.0,3505.2,3351.4,3593.8,1.51,1382.3,1420.6,0.973,1615.5,1479.4,1.092,387.6,128.0,3.028,8594.7,8495.1,8849.4,6554.5,6316.9,6671.6,1.311,11093.4,8610.1,1.288,-1.0,-1.0,-1.0,-1.0,-1.0,-1.0,
binding-focused-wgpu-mutate-bulk,graphics,wgpu,mutate-blocks,1024,7.1,6.4,1.109,9629.8,9510.0,9776.8,9061.7,8997.4,9082.8,1.063,726.0,740.4,0.981,789.5,776.6,1.017,392.9,397.7,0.988,11520.6,11354.8,11701.9,10981.3,10915.4,10986.0,1.049,11525.5,10986.1,1.049,-1.0,-1.0,-1.0,-1.0,-1.0,-1.0,
binding-focused-wgpu-mutate-bulk,graphics,wgpu,bulk-root-two-frozen-blocks,1024,6.6,7.0,0.943,5277.2,5205.2,5405.0,3008.0,2897.9,3922.7,1.754,722.8,735.9,0.982,768.8,696.3,1.104,401.5,188.0,2.136,7329.5,7172.0,7335.5,4638.3,4426.9,5576.4,1.58,7335.2,4642.8,1.58,-1.0,-1.0,-1.0,-1.0,-1.0,-1.0,
binding-focused-wgpu-rotate-compute,compute,wgpu,rotate-mutable-roots,1024,12.1,11.8,1.025,4803.0,4708.4,4954.0,4850.6,4644.5,6238.3,0.99,1356.0,1351.8,1.003,1586.4,1578.1,1.005,385.2,387.2,0.995,8112.8,8042.3,8382.9,8149.0,7953.4,10581.2,0.996,10600.0,10770.3,0.984,-1.0,-1.0,-1.0,-1.0,-1.0,-1.0,
binding-focused-wgpu-rotate-graphics,graphics,wgpu,rotate-mutable-roots,1024,6.5,6.9,0.942,4415.5,4383.5,4618.8,4615.2,4501.9,5184.3,0.957,710.4,719.9,0.987,734.2,747.4,0.982,384.2,390.4,0.984,6272.7,6234.8,6573.9,6487.5,6367.4,6961.7,0.967,6277.5,6493.3,0.967,-1.0,-1.0,-1.0,-1.0,-1.0,-1.0,
binding-focused-wgpu-small,compute,wgpu,root-mutable-blocks,64,165.6,164.1,1.009,20181.2,19984.4,21231.2,20582.8,20489.1,23156.2,0.98,1621.9,1651.6,0.982,9157.8,9518.8,0.962,559.4,556.2,1.006,31410.9,31129.7,33918.8,32470.3,31879.7,35112.5,0.967,31481.2,32539.1,0.967,-1.0,-1.0,-1.0,-1.0,-1.0,-1.0,
binding-focused-wgpu-small,compute,wgpu,root-two-frozen-blocks,64,167.2,171.9,0.973,20164.1,20114.1,20457.8,19879.7,19328.1,26182.8,1.014,1614.1,1668.8,0.967,9423.4,9607.8,0.981,553.1,321.9,1.718,31829.7,31278.1,32057.8,31820.3,30701.6,37639.1,1.0,31898.4,31895.3,1.0,-1.0,-1.0,-1.0,-1.0,-1.0,-1.0,
binding-focused-wgpu-small,compute,wgpu,rotate-mutable-roots,64,164.1,167.2,0.981,19823.4,19728.1,20262.5,20176.6,19959.4,20754.7,0.982,1621.9,1637.5,0.99,9270.3,8856.2,1.047,551.6,556.2,0.992,31193.8,30159.4,31457.8,31451.6,31326.6,32181.2,0.992,31265.6,31520.3,0.992,-1.0,-1.0,-1.0,-1.0,-1.0,-1.0,
binding-focused-wgpu-small,compute,wgpu,rotate-frozen-roots,64,164.1,190.6,0.861,20173.4,19864.1,21590.6,218.8,218.8,218.8,92.2,1629.7,1675.0,0.973,9328.1,1810.9,5.151,553.1,179.7,3.078,32054.7,31051.6,33145.3,4064.1,4054.7,4167.2,7.887,32126.6,7465.6,4.303,-1.0,-1.0,-1.0,-1.0,-1.0,-1.0,
binding-focused-wgpu-small,graphics,wgpu,root-mutable-blocks,64,107.8,101.6,1.061,21439.1,20421.9,29425.0,20631.2,20584.4,20957.8,1.039,992.2,984.4,1.008,7310.9,6815.6,1.073,610.9,606.2,1.008,30087.5,28429.7,37860.9,28929.7,28515.6,29070.3,1.04,30157.8,29000.0,1.04,-1.0,-1.0,-1.0,-1.0,-1.0,-1.0,
binding-focused-wgpu-small,graphics,wgpu,root-two-frozen-blocks,64,112.5,103.1,1.091,20576.6,20490.6,23075.0,18775.0,18465.6,18992.2,1.096,984.4,971.9,1.013,6800.0,6945.3,0.979,625.0,364.1,1.717,28828.1,28575.0,33245.3,26762.5,26621.9,26767.2,1.077,28900.0,26832.8,1.077,-1.0,-1.0,-1.0,-1.0,-1.0,-1.0,
binding-focused-wgpu-small,graphics,wgpu,rotate-mutable-roots,64,115.6,107.8,1.072,20268.8,20051.6,21146.9,20690.6,20360.9,30975.0,0.98,996.9,981.2,1.016,7092.2,7046.9,1.006,606.2,621.9,0.975,28692.2,28562.5,30675.0,28835.9,28707.8,39475.0,0.995,28762.5,28907.8,0.995,-1.0,-1.0,-1.0,-1.0,-1.0,-1.0,
binding-focused-wgpu-small,graphics,wgpu,rotate-frozen-roots,64,112.5,121.9,0.923,27037.5,20464.1,32500.0,501.6,493.8,554.7,53.903,965.6,1032.8,0.935,6976.6,857.8,8.133,614.1,223.4,2.749,35835.9,28595.3,41229.7,2740.6,2735.9,2793.8,13.076,35915.6,3518.8,10.207,-1.0,-1.0,-1.0,-1.0,-1.0,-1.0,
binding-focused-wgpu-unpinned,compute,wgpu,root-mutable-blocks,1024,11.9,12.8,0.93,5623.3,5388.5,5871.2,5569.3,5457.0,5708.6,1.01,1587.0,1599.5,0.992,2298.3,2313.8,0.993,737.9,753.0,0.98,9984.2,9927.3,10611.2,10411.0,10163.3,10582.5,0.959,12359.4,12440.0,0.994,-1.0,-1.0,-1.0,-1.0,-1.0,-1.0,
binding-focused-wgpu-unpinned,compute,wgpu,root-two-frozen-blocks,1024,12.1,12.0,1.008,5508.0,5451.8,5531.7,3282.2,3115.8,3284.9,1.678,1616.7,1456.7,1.11,2298.2,1523.3,1.509,746.6,144.2,5.178,10077.1,10034.6,10232.6,6395.8,6244.0,6685.7,1.576,12358.2,8294.6,1.49,-1.0,-1.0,-1.0,-1.0,-1.0,-1.0,
binding-focused-wgpu-unpinned,compute,wgpu,rotate-mutable-roots,1024,12.6,13.0,0.969,5143.8,5108.1,5395.4,5303.9,5300.3,5786.4,0.97,1512.0,1557.0,0.971,2086.5,2230.5,0.935,555.1,688.2,0.807,9499.4,8992.2,9514.7,9767.5,9660.6,10626.7,0.973,11914.5,12137.0,0.982,-1.0,-1.0,-1.0,-1.0,-1.0,-1.0,
binding-focused-wgpu-unpinned,compute,wgpu,rotate-frozen-roots,1024,14.1,15.2,0.928,5293.7,5262.8,5779.0,186.4,178.7,204.2,28.4,1525.0,1518.4,1.004,2245.7,1096.6,2.048,620.4,22.0,28.2,9650.8,8998.5,10493.8,2901.4,2775.7,2922.6,3.326,11836.2,5885.5,2.011,-1.0,-1.0,-1.0,-1.0,-1.0,-1.0,
binding-focused-wgpu-unpinned,graphics,wgpu,root-mutable-blocks,1024,7.0,7.4,0.946,4785.1,4750.7,5080.3,4961.2,4896.9,5343.2,0.965,822.9,772.1,1.066,813.7,813.9,1.0,410.7,413.5,0.993,6797.0,6778.8,7132.3,6918.4,6873.1,7474.3,0.982,6802.4,6924.0,0.982,-1.0,-1.0,-1.0,-1.0,-1.0,-1.0,
binding-focused-wgpu-unpinned,graphics,wgpu,root-two-frozen-blocks,1024,7.2,6.9,1.043,5141.9,4909.2,5293.0,2767.2,2764.4,2805.1,1.858,793.8,756.4,1.049,876.5,661.8,1.324,451.8,171.9,2.628,7152.2,7009.5,8017.4,4382.9,4367.5,4386.6,1.632,7157.7,4388.0,1.631,-1.0,-1.0,-1.0,-1.0,-1.0,-1.0,
binding-focused-wgpu-unpinned,graphics,wgpu,rotate-mutable-roots,1024,6.8,7.1,0.958,4733.7,4678.5,5220.2,4998.1,4810.1,5069.4,0.947,779.8,771.1,1.011,786.9,793.0,0.992,407.0,408.6,0.996,6731.8,6661.4,7711.0,6875.3,6756.2,7145.0,0.979,6737.6,6880.4,0.979,-1.0,-1.0,-1.0,-1.0,-1.0,-1.0,
binding-focused-wgpu-unpinned,graphics,wgpu,rotate-frozen-roots,1024,7.2,6.6,1.091,5132.0,4556.1,5172.5,341.4,330.7,349.4,15.032,782.6,745.7,1.049,840.7,222.5,3.778,402.1,70.7,5.687,7205.0,7144.7,7242.1,1392.3,1358.4,1409.2,5.175,7210.4,1471.2,4.901,-1.0,-1.0,-1.0,-1.0,-1.0,-1.0,
